F_std_final,F_std_mean,F_std_temporal_std,N,alive_density_final,alive_density_mean,alive_density_temporal_std,config_idx,correlation_length_final,correlation_length_mean,correlation_length_temporal_std,error,excess_activity_final,excess_activity_slope,extinct,final_pop,init,largest_patch_final,largest_patch_mean,largest_patch_temporal_std,min_pop,n_distinct_genomes_final,n_distinct_genomes_mean,n_distinct_genomes_temporal_std,n_patches_final,n_patches_mean,n_patches_temporal_std,n_steps,param_food_inc,param_gdiff,param_m_scale,param_mu_egenome,param_mu_lut,param_restricted_mu,param_tax,seed,shadow,unique_top_genomes
0.0,0.00788906412473058,0.030909874941461933,256,0.0,0.010485480813419117,0.06932338470243643,5,0.0,4.196078431372549,15.710642836841197,,0.0,2.658481447963801,True,0,halfplane,0.0,645.4705882352941,4542.824285004765,0,0.0,4.568627450980392,24.37312478615738,0.0,10.882352941176471,53.86062152747972,5000,0.015,0.03,0.8,0.001,0.001,True,0.045,0,True,5
0.0,0.005166343579356394,0.025717543550588997,256,0.0,0.010159062404258578,0.06930663527563993,2,0.0,3.1372549019607843,14.97713238324416,,0.0,2.064620814479637,True,0,halfplane,0.0,644.156862745098,4543.003288283518,0,0.0,6.117647058823529,41.307382931623096,0.0,4.921568627450981,29.357060237270044,5000,0.013,0.015,0.8,0.01,0.003,True,0.04,0,True,3
0.0,0.004964807579823423,0.023220460623766138,256,0.0,0.010088453105851715,0.06930659042125717,7,0.0,4.803921568627451,22.44297314182836,,0.0,0.71188597285068,True,0,halfplane,0.0,643.8627450980392,4543.043995590068,0,0.0,18.666666666666668,116.1014881711495,0.0,5.411764705882353,32.17670358735584,5000,0.013,0.005,0.4,0.01,0.03,False,0.045,0,True,5
0.0,0.006270313288505171,0.027027041302902927,256,0.0,0.010200051700367647,0.06930903683233078,1,0.0,5.215686274509804,22.48599889036853,,0.0,2.0738986425339365,True,0,halfplane,0.0,644.1176470588235,4543.007022852659,0,0.0,8.254901960784315,48.71600096970794,0.0,5.686274509803922,32.04867021564718,5000,0.013,0.005,0.4,0.001,0.001,False,0.045,0,True,6
0.0,0.00954314038230508,0.032258071786321535,256,0.0,0.010579726275275736,0.06932339050544319,6,0.0,6.372549019607843,22.84814385932092,,0.0,2.656684162895927,True,0,halfplane,0.0,646.2156862745098,4542.730846276799,0,0.0,15.137254901960784,76.67809452966165,0.0,9.156862745098039,37.8880562426196,5000,0.015,0.005,0.4,0.001,0.001,False,0.04,0,True,10
0.0,0.008924876805394888,0.03787926681373664,256,0.0,0.011080573586856617,0.06949971473523969,0,0.0,5.137254901960785,19.262907165441998,,0.0,2.7743782805429866,True,0,halfplane,0.0,648.8039215686274,4542.438703308823,0,0.0,34.627450980392155,199.62317056603388,0.0,18.45098039215686,85.55294513111433,5000,0.015,0.02,0.8,0.001,0.003,True,0.035,0,True,5
0.0,0.02498030833279093,0.0739397332435604,256,0.0,0.014819874482996324,0.07169181374149876,8,0.0,9.549019607843137,24.507952871278174,,0.0,3.839711312217195,True,0,halfplane,0.0,741.3921568627451,4573.261285711703,0,0.0,326.2352941176471,1360.5122245919472,0.0,44.64705882352941,127.81739786598628,5000,0.015,0.01,0.6,0.001,0.03,True,0.025,0,True,7
0.37240898609161377,0.35441019166918364,0.06399981864705899,256,0.203155517578125,0.19555813658471202,0.06339733084335025,11,25.0,34.88235294117647,24.27832653956419,,898.0,3.9867203619909506,False,13314,halfplane,123.0,799.4509803921569,4521.223521343533,1770,13311.0,12168.117647058823,3500.402243816003,4663.0,4012.8627450980393,1155.7521448722377,5000,0.01,0.05,0.8,0.001,0.03,False,0.04,0,True,51
0.0,0.006395744208038748,0.02903731323310236,256,0.0,0.0102996826171875,0.06931430282380593,14,0.0,4.0,16.54346621811173,,0.0,2.7165954751131225,True,0,halfplane,0.0,644.6666666666666,4542.938889269148,0,0.0,9.509803921568627,55.39851082765977,0.0,6.137254901960785,31.747175021979533,5000,0.015,0.01,0.6,0.01,0.001,False,0.045,0,True,5
0.0,0.010047670362480715,0.036287237357784045,256,0.0,0.010833141850490197,0.06937221582786247,13,0.0,6.607843137254902,23.190666167851397,,0.0,2.7230868778280555,True,0,halfplane,0.0,647.843137254902,4542.53818818074,0,0.0,38.11764705882353,193.60477702934222,0.0,10.96078431372549,44.95704301921902,5000,0.013,0.015,0.6,0.01,0.003,False,0.035,0,True,8
0.0,0.012356852708548745,0.043721137018108355,256,0.0,0.011339973000919117,0.06958581428424386,16,0.0,5.294117647058823,17.273230016468997,,0.0,3.3752153846153847,True,0,halfplane,0.0,655.9215686274509,4541.927498938444,0,0.0,56.27450980392157,301.6734423525514,0.0,9.823529411764707,36.87748975036602,5000,0.015,0.005,0.6,0.01,0.003,False,0.03,0,True,8
0.0,0.01588932949337451,0.03949073824124989,256,0.0,0.011606253829656863,0.06943610169120945,12,0.0,9.509803921568627,24.378045852147302,,0.0,3.3272244343891386,True,0,halfplane,0.0,656.0196078431372,4541.714358404877,0,0.0,110.05882352941177,435.83678415451044,0.0,18.627450980392158,56.987085150011445,5000,0.022,0.015,0.4,0.001,0.01,False,0.04,0,True,17
0.0,0.015501849727668599,0.043073471982228495,256,0.0,0.011744181315104166,0.06959221065648931,15,0.0,8.607843137254902,20.759196810346207,,0.0,3.9486850678733014,True,0,halfplane,0.0,654.5294117647059,4541.706491725119,0,0.0,99.90196078431373,498.1951446501842,0.0,21.137254901960784,75.53677707252047,5000,0.018,0.015,0.8,0.001,0.01,True,0.035,0,True,10
0.22030507028102875,0.23550572348575965,0.04984750649036879,256,0.28790283203125,0.27571913775275736,0.057836643181461346,10,1.0,13.882352941176471,32.9322817122864,,19116.0,9.291730316742083,False,18868,halfplane,21.0,769.8627450980392,4531.087888327628,3347,18110.0,16722.274509803923,3895.0879225820267,10628.0,9053.156862745098,3008.1832206698396,5000,0.01,0.08,0.4,0.001,0.01,False,0.035,0,True,50
0.3518624007701874,0.3300573428471883,0.060003551379388134,256,0.32952880859375,0.35674270929074753,0.10315362582773788,9,59.0,44.372549019607845,16.97167280547868,,14917.0,18.485414479638003,False,21596,halfplane,1216.0,5384.921568627451,5052.534075301602,6926,9853.0,8806.078431372549,2555.47607201336,5579.0,3520.235294117647,1322.407987654774,5000,0.01,0.05,0.4,0.01,0.001,False,0.025,0,True,49
0.0,0.009056248062965917,0.03207884694276802,256,0.0,0.010422650505514705,0.06931428118171683,19,0.0,6.019607843137255,22.532321182812673,,0.0,2.057461538461538,True,0,halfplane,0.0,645.7843137254902,4542.77997427301,0,0.0,26.098039215686274,158.95926903405666,0.0,8.333333333333334,38.86006401388703,5000,0.01,0.03,0.6,0.001,0.01,True,0.045,0,True,9
0.0,0.005241726141642122,0.027481278270511916,256,0.0,0.010021434110753676,0.06930750314049394,20,0.0,2.9411764705882355,14.89494158734524,,0.0,1.401286877828054,True,0,halfplane,0.0,643.8627450980392,4543.044302027079,0,0.0,3.156862745098039,19.79341596712977,0.0,2.9215686274509802,19.28510868901835,5000,0.01,0.01,0.8,0.001,0.001,False,0.045,0,True,3
0.0,0.010861008428037167,0.03627229014735389,256,0.0,0.011028214996936275,0.06941531671345218,23,0.0,6.882352941176471,23.153915570122773,,0.0,2.0658298642533923,True,0,halfplane,0.0,649.2941176470588,4542.349358845985,0,0.0,74.05882352941177,365.1699261592676,0.0,12.352941176470589,48.8550571486365,5000,0.022,0.02,0.6,0.001,0.01,False,0.045,0,True,9
0.44767117500305176,0.4311544556243747,0.06852961150983004,256,0.555267333984375,0.5225659538717831,0.10241484449314252,3,12.0,22.19607843137255,21.96076680671571,,-935770.0,-211.45153755656105,False,36390,halfplane,3877.0,4994.274509803921,7144.334687059586,6697,11731.0,9354.411764705883,3070.8162942127897,3227.0,2924.078431372549,945.1262151035547,5000,0.018,0.015,0.4,0.01,0.001,True,0.025,0,True,15
0.3522200882434845,0.3475676751604267,0.05654713647232695,256,0.8064117431640625,0.7915538713043812,0.06522035114884281,4,1.0,11.901960784313726,28.963299902693475,,-465288.0,-94.95071312217193,False,52849,halfplane,52840.0,51465.07843137255,5211.6435962410815,32768,17139.0,13189.21568627451,3864.116966898335,9.0,58.80392156862745,272.3167863747735,5000,0.022,0.015,0.4,0.01,0.001,True,0.025,0,True,1
0.31254783272743225,0.3260994372414608,0.055593365982034015,256,0.4707183837890625,0.4549422918581495,0.07500005367185131,17,36.0,50.549019607843135,18.934680004741786,,-1057.0,16.9584778280543,False,30849,halfplane,1601.0,5940.0,4904.1309117926285,8367,14948.0,12613.078431372549,2930.409299144948,5140.0,3746.6470588235293,1053.3452374022563,5000,0.022,0.08,0.6,0.001,0.001,False,0.045,0,True,49
0.0,0.016268106980943213,0.04045520798454064,256,0.0,0.01150811887254902,0.06938887334584873,28,0.0,8.784313725490197,24.350636119637368,,0.0,2.0841176470588234,True,0,halfplane,0.0,653.5882352941177,4541.924469789581,0,0.0,102.47058823529412,392.5004485043611,0.0,17.49019607843137,49.58904549691278,5000,0.015,0.015,0.4,0.001,0.01,False,0.035,0,True,13
0.0,0.00622005851975843,0.027743613839143918,256,0.0,0.010277542413449754,0.06931127402922309,30,0.0,4.0,16.029384781412798,,0.0,2.727899547511311,True,0,halfplane,0.0,645.0980392156863,4542.877520565451,0,0.0,2.803921568627451,17.24224134450286,0.0,5.9411764705882355,33.39038946193707,5000,0.015,0.02,0.8,0.001,0.001,True,0.045,0,True,5
0.4151376187801361,0.4077990779689714,0.05907130844231716,256,0.6527557373046875,0.6363375794653799,0.07879063949140154,18,9.0,26.019607843137255,30.752325080966298,,-182631.0,-42.497136651583695,False,42779,halfplane,39536.0,37155.60784313725,6900.955844787242,17715,28600.0,26849.43137254902,5778.759417223822,987.0,961.5098039215686,322.00099698719237,5000,0.018,0.02,0.6,0.01,0.003,False,0.025,0,True,30
0.1948394626379013,0.1409607970831441,0.04428866057075174,256,0.0441741943359375,0.0344387877221201,0.06708102619266308,29,95.0,57.254901960784316,23.50039059938625,,-14664.0,-2.3009656108597274,False,2895,halfplane,49.0,734.8823529411765,4543.926515937246,576,414.0,284.9019607843137,128.24413832906035,1767.0,985.7058823529412,430.13638029312574,5000,0.018,0.015,0.4,0.01,0.001,True,0.03,0,True,28
0.4203639030456543,0.3893788410168068,0.07500724879216976,256,0.3551177978515625,0.3006250718060662,0.08961425383721068,22,24.0,35.98039215686274,27.247227019246743,,-111.0,5.168233484162896,False,23273,halfplane,505.0,975.5294117647059,4498.758187492089,2480,23257.0,19035.470588235294,6192.676213117194,5117.0,4476.490196078431,1523.2823483021727,5000,0.013,0.03,0.4,0.001,0.03,True,0.03,0,True,48
0.36559849977493286,0.35059988060418296,0.05971250742104557,256,0.34637451171875,0.3216516831341912,0.08025461433347031,25,22.0,32.68627450980392,28.540641951145176,,4066.0,5.789265158371039,False,22700,halfplane,195.0,910.5098039215686,4505.923936820693,2601,22668.0,20407.62745098039,5766.124769826545,6257.0,5423.823529411765,1682.475413751339,5000,0.013,0.05,0.4,0.01,0.03,True,0.035,0,True,49
0.25087326765060425,0.26025789011927214,0.05142263386856005,256,0.448211669921875,0.4402337167777267,0.05099273930107008,21,1.0,7.784313725490196,19.831954533213782,,28904.0,9.234549321266966,False,29374,halfplane,76.0,1232.313725490196,4661.6435689916725,7237,28241.0,27055.176470588234,5001.501232300285,7770.0,6803.333333333333,1908.7692951800705,5000,0.018,0.08,0.6,0.01,0.01,False,0.04,0,True,48
0.42498579621315,0.4093284098541035,0.0663762547352093,256,0.5318756103515625,0.4884057138480392,0.10409143847104176,24,18.0,26.784313725490197,24.59739642327084,,-39055.0,-5.878289592760177,False,34857,halfplane,2292.0,3118.4117647058824,4279.354295146758,5506,23190.0,20288.29411764706,5817.793063454654,3026.0,2776.5882352941176,804.1654345569085,5000,0.022,0.03,0.4,0.001,0.003,True,0.035,0,True,49
0.242742657661438,0.24657008607013553,0.04465634406374032,256,0.54986572265625,0.5359712488511029,0.06795916559701334,26,1.0,5.294117647058823,16.5592153333649,,40559.0,18.23915746606335,False,36036,halfplane,673.0,2053.9607843137255,4780.772839158811,5603,35963.0,34424.96078431373,6583.886336547721,2704.0,2487.3529411764707,537.8815681122369,5000,0.022,0.08,0.4,0.01,0.03,True,0.04,0,True,36
0.37813711166381836,0.37128328108320047,0.05555777180348267,256,0.373077392578125,0.3235727945963542,0.06032480979627099,27,52.0,47.84313725490196,15.851482950382248,,-9892.0,4.833561085972851,False,24450,halfplane,7410.0,4141.0,4399.533134768003,7514,15305.0,12998.411764705883,2888.27382586813,3021.0,2887.823529411765,710.6231925565813,5000,0.013,0.05,0.8,0.01,0.003,False,0.035,0,True,51
0.46469759941101074,0.44346605387388494,0.07328138028768585,256,0.42333984375,0.3911578608494179,0.08654556506881518,31,15.0,28.333333333333332,26.436506745197804,,-7323.0,6.640869683257919,False,27744,halfplane,463.0,1234.8431372549019,4472.12701235215,5889,27711.0,24970.07843137255,6602.9719804222,5856.0,5123.64705882353,1608.6438914657815,5000,0.018,0.02,0.8,0.001,0.03,True,0.03,0,True,39
0.3753453195095062,0.35034031464773063,0.06381165474653448,256,0.210601806640625,0.18876618030024508,0.06440934704167943,34,18.0,34.11764705882353,25.036950778151663,,-5471.0,8.871409954751128,False,13802,halfplane,205.0,792.8235294117648,4522.232407699796,1848,8029.0,6609.921568627451,2274.0094231540947,4685.0,4022.5098039215686,1200.4402847934018,5000,0.01,0.05,0.8,0.01,0.003,True,0.04,0,True,49
0.3827778398990631,0.32370562530031394,0.08071698454998481,256,0.220672607421875,0.16430334951363357,0.08015609821945936,36,17.0,45.8235294117647,29.124954519767865,,3638.0,4.788384615384614,False,14462,halfplane,95.0,747.1960784313726,4528.631451586488,1146,14459.0,10121.56862745098,4466.84035916999,5473.0,3895.4313725490197,1756.0894418118953,5000,0.01,0.03,0.4,0.01,0.03,False,0.03,0,True,46
0.24114207923412323,0.32821987598550084,0.06782067755114767,256,0.3359375,0.3310128006280637,0.12714731961574974,32,91.0,75.03921568627452,23.403502992629722,,-841.0,16.948181900452486,False,22016,halfplane,2288.0,8662.921568627451,7702.183089669428,6587,9571.0,6761.117647058823,2475.712475363198,5557.0,2855.098039215686,1275.9697005269452,5000,0.015,0.08,0.6,0.001,0.001,True,0.04,0,True,50
0.0,0.00997578922440024,0.03413970108805011,256,0.0,0.010799333160998775,0.06938048671161072,40,0.0,6.568627450980392,22.81146504132945,,0.0,2.0596407239818997,True,0,halfplane,0.0,648.9019607843137,4542.401659202494,0,0.0,62.13725490196079,340.8712608232169,0.0,10.588235294117647,45.01423586177096,5000,0.018,0.015,0.6,0.01,0.03,True,0.04,0,True,10
0.39410316944122314,0.3228052872068742,0.08254243749177127,256,0.20697021484375,0.14565830604702817,0.07560123774087361,39,20.0,65.49019607843137,31.342743194269794,,-13581.0,0.24631583710407698,False,13564,halfplane,138.0,788.0392156862745,4525.0116886894175,1284,8339.0,5066.176470588235,2560.786833016807,5646.0,3662.1372549019607,1694.9902425493674,5000,0.01,0.02,0.6,0.01,0.003,True,0.025,0,True,50
0.45818305015563965,0.4178218341925565,0.08488297914808306,256,0.351531982421875,0.29807446049708947,0.1003019517605011,35,15.0,42.333333333333336,29.567249148715582,,-571273.0,-132.64542533936648,False,23038,halfplane,383.0,1046.8039215686274,4516.057364385,3540,7998.0,5720.176470588235,2703.430157395777,6920.0,5299.490196078431,2054.7931757240003,5000,0.015,0.015,0.8,0.01,0.001,True,0.025,0,True,44
0.3817237317562103,0.37276191688051413,0.0547016813777259,256,0.3439178466796875,0.3270326502182904,0.0494280126183806,37,82.0,67.76470588235294,23.57265633895084,,-2013.0,3.8795990950226247,False,22539,halfplane,10844.0,5032.156862745098,4289.218464268008,7394,21079.0,19483.549019607843,3817.1839908689362,2902.0,2755.0196078431372,642.727231205571,5000,0.013,0.05,0.8,0.001,0.01,False,0.035,0,True,51
0.40685272216796875,0.36361992709776936,0.06054317811460259,256,0.34881591796875,0.3233053169998468,0.09801177574788889,38,87.0,57.549019607843135,22.341655217605535,,-8394.0,4.9853864253393665,False,22860,halfplane,9735.0,6188.921568627451,5493.622733583601,8209,14068.0,12752.0,3931.9792401662094,2717.0,2539.1960784313724,709.5224856420549,5000,0.013,0.05,0.8,0.001,0.003,False,0.035,0,True,51
0.0,0.010577714718951314,0.0416046506954599,256,0.0,0.010744581035539215,0.06937552030257008,44,0.0,5.980392156862745,22.947074824113592,,0.0,2.7013592760181004,True,0,halfplane,0.0,646.7843137254902,4542.677988413949,0,0.0,45.6078431372549,267.9801776713339,0.0,8.745098039215685,36.809974744308946,5000,0.01,0.005,0.4,0.01,0.01,True,0.03,0,True,6
0.17360156774520874,0.17595591176958644,0.03180847540175075,256,0.60064697265625,0.5935555252374387,0.04741782219139305,33,1.0,8.764705882352942,26.64331445795833,,-48544.0,-10.440286877828052,False,39364,halfplane,36063.0,34544.313725490196,4726.732040631166,21321,16477.0,14952.078431372549,2694.3069088985976,614.0,759.1176470588235,727.5583568551444,5000,0.018,0.08,0.6,0.01,0.001,False,0.03,0,True,1
0.0,0.011999552101627285,0.03684627811910266,256,0.0,0.010617424460018383,0.06932710562006224,45,0.0,6.549019607843137,22.631154758551276,,0.0,1.4013194570135739,True,0,halfplane,0.0,647.0980392156863,4542.608071188568,0,0.0,48.529411764705884,261.57032218635504,0.0,9.882352941176471,39.31304581095512,5000,0.01,0.01,0.4,0.001,0.03,True,0.035,0,True,13
0.0,0.025244913556996512,0.07410856529818885,256,0.0,0.015148686427696078,0.07233140328586543,46,0.0,12.215686274509803,27.53415969335588,,0.0,5.915115837104072,True,0,halfplane,0.0,749.3137254901961,4579.027174232605,0,0.0,198.68627450980392,821.7858480210577,0.0,42.333333333333336,122.30926193692594,5000,0.015,0.01,0.6,0.001,0.003,False,0.025,0,True,11
0.29534029960632324,0.29166104220876504,0.047080526049244335,256,0.3355560302734375,0.31254158767999385,0.07165879434055664,41,1.0,12.764705882352942,28.407116089482543,,13439.0,7.825725791855204,False,21991,halfplane,56.0,709.4313725490196,4533.868742553322,2127,21855.0,19720.607843137255,5161.127483896956,9309.0,8217.098039215687,2488.278870120138,5000,0.015,0.08,0.4,0.01,0.03,True,0.045,0,True,48
0.36421576142311096,0.3295029303898998,0.06896834724924984,256,0.1556854248046875,0.13572004729626225,0.06302776658181197,43,16.0,38.372549019607845,26.711208475252132,,-13129.0,3.3318687782805427,False,10203,halfplane,97.0,765.2941176470588,4526.041057987969,644,3945.0,3294.2549019607845,1096.2625784488603,3507.0,3003.176470588235,971.0197935399499,5000,0.01,0.05,0.8,0.001,0.001,False,0.045,0,True,51
0.4662570357322693,0.4222097455286512,0.09085515159567674,256,0.4556732177734375,0.39207039627374385,0.14499307449788335,42,12.0,43.0,30.086150810434944,,-490826.0,-95.2665221719457,False,29863,halfplane,769.0,4159.411764705882,9713.982871232925,5595,11418.0,7863.019607843137,3738.619869554445,6342.0,4327.21568627451,2197.1848237137137,5000,0.022,0.005,0.4,0.001,0.001,False,0.025,0,True,1
0.0,0.013492557238422189,0.041465758815562304,256,0.0,0.011034797219669117,0.06943646828609096,53,0.0,6.7254901960784315,17.294540033079407,,0.0,2.7253493212669686,True,0,halfplane,0.0,651.1372549019608,4542.150164670473,0,0.0,45.745098039215684,231.3644814146815,0.0,11.470588235294118,46.34074687812666,5000,0.01,0.015,0.6,0.001,0.003,False,0.035,0,True,12
0.0,0.01364323970697382,0.04661867882140076,256,0.0,0.01175704656862745,0.06970145366243895,54,0.0,5.2745098039215685,16.94405839684773,,0.0,5.130349321266969,True,0,halfplane,0.0,673.7843137254902,4542.918727131552,0,0.0,51.490196078431374,284.0739597530289,0.0,12.352941176470589,45.36986281810641,5000,0.015,0.01,0.6,0.01,0.003,True,0.03,0,True,8
0.0,0.00567032214181096,0.02808532935239893,256,0.0,0.010341270297181373,0.06932871049744044,56,0.0,3.627450980392157,15.88804061799219,,0.0,0.7124669683257912,True,0,halfplane,0.0,644.8627450980392,4542.913192575745,0,0.0,32.568627450980394,202.38414792045518,0.0,6.372549019607843,36.556676804555075,5000,0.018,0.005,0.6,0.01,0.01,False,0.045,0,True,4
0.3883933126926422,0.3792940156132567,0.060892940534454695,256,0.33038330078125,0.31128498152190565,0.06622281003938277,47,24.0,40.27450980392157,23.716527232615526,,-8706.0,6.521479638009048,False,21652,halfplane,384.0,1216.1176470588234,4470.720254500644,3314,14491.0,13159.176470588236,3312.482066282981,4630.0,4258.078431372549,1133.9999627059726,5000,0.015,0.05,0.6,0.01,0.003,False,0.04,0,True,51
0.0,0.005736121978592493,0.0251795833159092,256,0.0,0.010149189070159314,0.06930690427345994,58,0.0,4.9411764705882355,22.439820841535937,,0.0,2.0550524886877835,True,0,halfplane,0.0,644.5098039215686,4542.95854354134,0,0.0,13.882352941176471,83.42958685676872,0.0,5.96078431372549,33.27423827404897,5000,0.013,0.005,0.4,0.01,0.003,False,0.045,0,True,6
0.3638294041156769,0.35365733738039057,0.058279164479123874,256,0.3316497802734375,0.32619640873927697,0.07548920546383321,49,18.0,34.0,24.73863375370596,,1234.0,6.434035294117644,False,21735,halfplane,272.0,1022.4509803921569,4490.992690445654,2964,20270.0,19178.235294117647,5253.79721720763,6092.0,5206.019607843137,1569.629099315967,5000,0.013,0.05,0.4,0.001,0.01,True,0.035,0,True,50
0.0,0.017401817336897638,0.05339859480140749,256,0.0,0.012220494887408088,0.06991641483205042,59,0.0,7.470588235294118,18.204021254933146,,0.0,6.054130316742082,True,0,halfplane,0.0,675.3921568627451,4542.24640406403,0,0.0,130.8235294117647,665.0982149463327,0.0,18.627450980392158,64.32178930795541,5000,0.018,0.01,0.8,0.01,0.01,True,0.03,0,True,11
0.0,0.0150468095990957,0.04743578968151138,256,0.0,0.012366201363357842,0.0700764402355192,60,0.0,6.03921568627451,17.38938236374987,,0.0,2.1003927601809944,True,0,halfplane,0.0,701.843137254902,4550.335585006713,0,0.0,167.86274509803923,815.854634774272,0.0,13.215686274509803,46.0244239190242,5000,0.022,0.005,0.6,0.001,0.03,False,0.035,0,True,9
0.0,0.009336921203808458,0.036760551185405686,256,0.0,0.01085677801393995,0.06941057221394842,61,0.0,4.470588235294118,16.342357980409727,,0.0,2.0595203619909506,True,0,halfplane,0.0,648.1764705882352,4542.507339525435,0,0.0,64.01960784313725,347.1403338424366,0.0,9.686274509803921,42.09722183375907,5000,0.015,0.02,0.6,0.001,0.01,False,0.04,0,True,6
0.0,0.006604412114635731,0.025889759489652386,256,0.0,0.010229970894607842,0.06930588512721853,62,0.0,4.176470588235294,15.841996658612448,,0.0,2.682845248868777,True,0,halfplane,0.0,645.4117647058823,4542.835730852334,0,0.0,20.0,124.95787525496459,0.0,4.901960784313726,25.22468049270885,5000,0.018,0.005,0.8,0.01,0.01,True,0.04,0,True,6
0.09939341992139816,0.09491313014215991,0.020590654935471724,256,0.87860107421875,0.8759894277535233,0.05701773597086869,48,1.0,3.784313725490196,15.007597716986874,,-44258.0,-11.127866063348415,False,57580,halfplane,57580.0,57408.549019607846,3736.8250092234534,32768,32557.0,27016.56862745098,5226.089353576419,1.0,1.2549019607843137,1.1855856045357624,5000,0.022,0.08,0.8,0.01,0.003,True,0.025,0,True,1
0.4125651717185974,0.4072510138446209,0.0588553510389003,256,0.6560821533203125,0.6329028559666053,0.08130660987892732,50,9.0,26.313725490196077,31.131907971787722,,-24660.0,-3.1875782805429833,False,42997,halfplane,40268.0,36891.98039215686,7244.787057562111,15167,42980.0,40595.23529411765,7800.526278344717,877.0,909.2549019607843,309.3632830627179,5000,0.018,0.02,0.6,0.001,0.03,True,0.025,0,True,33
0.41482043266296387,0.405842804441265,0.05891446592809447,256,0.56134033203125,0.5436320585363051,0.06947001121792509,51,18.0,27.823529411764707,19.597624788406737,,-568178.0,-139.69447420814473,False,36788,halfplane,6634.0,10538.588235294117,6721.969025185096,13474,13242.0,11538.588235294117,2728.0299160028817,2436.0,2367.1372549019607,571.4284481517965,5000,0.018,0.03,0.8,0.01,0.001,True,0.03,0,True,41
0.0,0.006777051872774667,0.02824994756138255,256,0.0,0.010336184034160539,0.06930978672708041,63,0.0,5.372549019607843,22.597900982096025,,0.0,1.3962407239819008,True,0,halfplane,0.0,644.7058823529412,4542.927657118097,0,0.0,34.90196078431372,190.3799353925641,0.0,7.509803921568627,40.219677434095985,5000,0.015,0.015,0.6,0.01,0.03,False,0.045,0,True,5
0.0,0.01078899857569851,0.034065664689344285,256,0.0,0.010834338618259803,0.06935211001726173,64,0.0,7.294117647058823,23.345902035871564,,0.0,4.988985520361988,True,0,halfplane,0.0,648.7843137254902,4542.420082773212,0,0.0,19.725490196078432,106.53381649097274,0.0,14.823529411764707,56.310659974457224,5000,0.013,0.03,0.6,0.01,0.003,True,0.04,0,True,7
0.31504255533218384,0.30537625519083994,0.06238760023779697,256,0.84552001953125,0.837039124731924,0.07053356821042502,52,1.0,12.647058823529411,30.49064371400806,,20173.0,2.4598461538461533,False,55412,halfplane,55410.0,54475.01960784314,5892.291606171962,32768,52665.0,49363.1568627451,8611.636697100328,3.0,33.705882352941174,181.48356962499193,5000,0.022,0.02,0.6,0.01,0.01,True,0.025,0,True,1
0.0,0.009931207561463701,0.03634316238275685,256,0.0,0.011082667930453432,0.06941478146817022,65,0.0,5.823529411764706,22.82731927297446,,0.0,3.4148343891402724,True,0,halfplane,0.0,650.5294117647059,4542.313146374122,0,0.0,26.607843137254903,145.7984209322184,0.0,11.470588235294118,44.425462113158765,5000,0.018,0.005,0.4,0.01,0.003,True,0.035,0,True,7
0.0,0.00879166952982618,0.03512010664055437,256,0.0,0.010730818206188725,0.06938064884513259,66,0.0,5.8431372549019605,22.817582272139767,,0.0,2.0672742081447977,True,0,halfplane,0.0,647.5098039215686,4542.599602855688,0,0.0,45.450980392156865,267.2877801191062,0.0,7.764705882352941,34.81862710591768,5000,0.013,0.005,0.4,0.001,0.01,True,0.035,0,True,6
0.15729711949825287,0.1624183980565445,0.050297524801949045,256,0.8804931640625,0.8678095200482536,0.05900498758605788,55,1.0,9.03921568627451,25.35548112172719,,-37377.0,-10.388013574660633,False,57704,halfplane,57704.0,56515.705882352944,4611.637858399576,32768,57494.0,53986.333333333336,8573.83352534101,1.0,4.392156862745098,10.819514742792846,5000,0.022,0.05,0.4,0.01,0.03,False,0.025,0,True,1
0.0,0.007961275786453602,0.02975156023724555,256,0.0,0.010453168083639705,0.0693192449003405,67,0.0,5.215686274509804,17.05275979675695,,0.0,3.8987113122171935,True,0,halfplane,0.0,646.0392156862745,4542.750807652003,0,0.0,11.705882352941176,71.34541608800437,0.0,7.823529411764706,40.228126869950366,5000,0.018,0.015,0.8,0.001,0.003,True,0.045,0,True,6
0.0,0.009877881952835357,0.03421307843838094,256,0.0,0.010845109528186275,0.06936549371122669,69,0.0,7.1568627450980395,23.72668932312435,,0.0,2.0681963800904963,True,0,halfplane,0.0,648.8039215686274,4542.449913477881,0,0.0,63.27450980392157,310.92039700189906,0.0,9.392156862745098,35.316539718676914,5000,0.015,0.01,0.4,0.01,0.01,False,0.035,0,True,8
0.36720895767211914,0.36111054116604374,0.053562106447191296,256,0.7005462646484375,0.6819867900773591,0.07914602926375726,57,13.0,24.607843137254903,31.58435852112688,,-4343.0,0.3318669683257932,False,45911,halfplane,44833.0,42421.58823529412,6928.822790476198,12441,43522.0,41282.882352941175,8014.480186064835,489.0,543.7254901960785,430.49543180065257,5000,0.022,0.03,0.4,0.01,0.01,True,0.03,0,True,33
0.0,0.008918354360788477,0.03346034303568939,256,0.0,0.010638667087928922,0.06934107139584475,73,0.0,4.647058823529412,16.274391683955944,,0.0,2.072961085972851,True,0,halfplane,0.0,646.3137254901961,4542.7192965732165,0,0.0,40.3921568627451,230.44518538667052,0.0,11.72549019607843,51.889429363423034,5000,0.013,0.02,0.8,0.01,0.01,True,0.035,0,True,7
0.0,0.007703814655542374,0.02942211053150958,256,0.0,0.010386149088541666,0.06930339469263513,76,0.0,4.0588235294117645,15.619760944049373,,0.0,0.7136868778280543,True,0,halfplane,0.0,646.0980392156863,4542.743259718916,0,0.0,35.84313725490196,188.7261084787428,0.0,7.686274509803922,37.93983379090515,5000,0.015,0.02,0.8,0.001,0.03,True,0.045,0,True,6
0.0,0.01895124489993916,0.05014706100370032,256,0.0,0.011961693857230392,0.06963404945246363,75,0.0,9.72549019607843,20.804485217180087,,0.0,6.07431221719457,True,0,halfplane,0.0,665.0392156862745,4541.43843914033,0,0.0,40.35294117647059,169.56042633121675,0.0,19.84313725490196,59.18179786049735,5000,0.01,0.02,0.6,0.001,0.001,False,0.03,0,True,12
0.0,0.0057923211076972535,0.02764894152468539,256,0.0,0.010208429074754902,0.06931259123112946,77,0.0,3.5098039215686274,15.613433819881763,,0.0,1.396865158371041,True,0,halfplane,0.0,644.5490196078431,4542.953022997894,0,0.0,24.333333333333332,150.63664458826227,0.0,4.607843137254902,26.00458363169361,5000,0.013,0.005,0.8,0.001,0.01,False,0.04,0,True,4
0.3937675356864929,0.3354495458450972,0.0877392544307077,256,0.2489013671875,0.19347366632199756,0.08863991130809644,68,20.0,41.64705882352941,27.38027308290732,,3430.0,9.76010407239818,False,16312,halfplane,137.0,755.1176470588235,4527.575027894954,1188,14871.0,10759.686274509804,5021.9826000205985,6312.0,4621.137254901961,2058.7877836299294,5000,0.015,0.03,0.4,0.01,0.01,True,0.035,0,True,51
0.0,0.005634578577169746,0.024490978730033742,256,0.0,0.010146496342677697,0.06930198090518197,79,0.0,5.333333333333333,22.643586865684313,,0.0,0.7122162895927597,True,0,halfplane,0.0,644.0980392156863,4543.010322936751,0,0.0,20.627450980392158,114.92076738281656,0.0,6.117647058823529,32.3004565370659,5000,0.013,0.01,0.4,0.01,0.01,False,0.045,0,True,5
0.4039429724216461,0.3636908420160705,0.05721926070074523,256,0.517486572265625,0.4559350107230392,0.09298549291185959,71,78.0,59.23529411764706,26.655086874479398,,17.0,3.3313339366515824,False,33914,halfplane,22636.0,11432.882352941177,8164.334440044961,7920,31735.0,27494.176470588234,6891.381712692645,2727.0,2893.921568627451,908.985231294362,5000,0.018,0.05,0.6,0.01,0.01,True,0.035,0,True,50
0.0,0.007349848126371701,0.03457803073994306,256,0.0,0.010396022422640932,0.06933517223140977,86,0.0,5.0,22.520578824449323,,0.0,2.053186425339365,True,0,halfplane,0.0,644.6078431372549,4542.946193905756,0,0.0,29.058823529411764,187.66495089572362,0.0,6.588235294117647,37.7339377440273,5000,0.01,0.01,0.6,0.001,0.01,True,0.04,0,True,4
0.41468650102615356,0.3768317722806744,0.05946964720970394,256,0.509124755859375,0.4897107891007966,0.09603687028776985,74,50.0,67.58823529411765,22.464068451543167,,-1330.0,2.6057402714932123,False,33366,halfplane,9694.0,13698.882352941177,8291.33675129735,10079,33350.0,31434.666666666668,7701.3153566272185,2487.0,2587.549019607843,852.36831111507,5000,0.022,0.05,0.8,0.01,0.03,True,0.04,0,True,50
0.3308356702327728,0.3267679272913465,0.051677590346132236,256,0.712615966796875,0.7050637637867647,0.05677541408219215,72,5.0,24.529411764705884,32.992781706791845,,-9138.0,-0.039848868778280776,False,46702,halfplane,45890.0,44368.03921568627,5190.117279119148,26986,46683.0,45244.98039215686,7207.762524352385,342.0,451.6470588235294,397.3767819149415,5000,0.018,0.03,0.8,0.01,0.03,False,0.025,0,True,24
0.15581731498241425,0.15855020708313175,0.044530175118432165,256,0.879302978515625,0.8705163095511642,0.05786243543802877,70,1.0,10.941176470588236,30.482660943949107,,-190964.0,-43.05059547511311,False,57626,halfplane,57626.0,56904.313725490196,4262.418983142182,32768,38861.0,31910.49019607843,7143.3465419599615,1.0,3.9215686274509802,9.546261227400016,5000,0.022,0.05,0.4,0.01,0.003,False,0.025,0,True,1
0.4555791914463043,0.3771175864864798,0.0934421053678119,256,0.3498077392578125,0.23882637771905638,0.11847546219180063,83,30.0,74.47058823529412,28.957949865939973,,-4905.0,7.685719457013573,False,22925,halfplane,354.0,1670.4705882352941,6799.446079956292,2805,22917.0,14787.980392156862,7004.495079114627,7306.0,4589.607843137255,2311.135007454905,5000,0.018,0.01,0.6,0.001,0.03,False,0.025,0,True,33
0.3948914408683777,0.38659310516189127,0.05788638161794554,256,0.3445587158203125,0.320188933727788,0.05446892424271685,82,40.0,46.1764705882353,22.934438427278423,,-47866.0,6.049881447963794,False,22581,halfplane,1699.0,1725.921568627451,4409.402937854322,4732,7737.0,6611.156862745098,1758.952388442008,3846.0,3709.3137254901962,877.0579941518853,5000,0.015,0.05,0.8,0.01,0.001,True,0.04,0,True,51
0.416242390871048,0.40787311453445285,0.05939366830110198,256,0.6562347412109375,0.6382251814299938,0.0822749767979132,78,13.0,24.725490196078432,30.5717275717368,,-212905.0,-52.2088,False,43007,halfplane,39888.0,37740.686274509804,7035.214478914017,17351,27780.0,25588.666666666668,5632.202270719745,896.0,898.1764705882352,327.5348630377999,5000,0.018,0.02,0.6,0.001,0.003,True,0.025,0,True,32
0.0,0.00892932408297544,0.03554543191175607,256,0.0,0.010492362228094363,0.06933528459220897,88,0.0,6.0,22.82499489938306,,0.0,3.8117285067873308,True,0,halfplane,0.0,646.6274509803922,4542.685039820739,0,0.0,4.784313725490196,26.24418794704107,0.0,7.784313725490196,36.368114522762816,5000,0.01,0.01,0.4,0.01,0.001,True,0.035,0,True,4
0.35907304286956787,0.3458347222676464,0.0657732743188951,256,0.812591552734375,0.8071477553423714,0.065082560342425,80,1.0,10.411764705882353,27.792068603793606,,-475877.0,-108.33817737556559,False,53254,halfplane,53241.0,52408.39215686275,5627.596234239336,32768,35215.0,30151.745098039217,6664.569950214304,12.0,22.470588235294116,66.75073707199029,5000,0.022,0.015,0.8,0.001,0.003,True,0.025,0,True,1
0.30627667903900146,0.30440398641661104,0.04659833165654301,256,0.3374786376953125,0.32129474714690565,0.05371122325821068,85,12.0,23.980392156862745,25.95130447140917,,11370.0,5.386151131221717,False,22117,halfplane,147.0,889.9803921568628,4516.572618180937,4022,22065.0,20367.941176470587,4230.030887625442,8061.0,7290.196078431372,2020.8974323655032,5000,0.015,0.08,0.6,0.01,0.03,True,0.045,0,True,45
0.0,0.01605781505578289,0.041124807614488355,256,0.0,0.011213414809283088,0.06934018055237688,89,0.0,8.901960784313726,23.51407997221321,,0.0,2.6934144796380086,True,0,halfplane,0.0,650.156862745098,4542.249871700445,0,0.0,86.23529411764706,332.682654429483,0.0,23.725490196078432,61.964277637934906,5000,0.01,0.03,0.4,0.001,0.01,False,0.035,0,True,14
0.0,0.007082748674221483,0.027295258399046805,256,0.0,0.010432224647671568,0.06931428895881872,90,0.0,5.686274509803922,22.803070137359796,,0.0,3.1094642533936647,True,0,halfplane,0.0,644.4705882352941,4542.959467101065,0,0.0,5.705882352941177,30.54812604094742,0.0,8.450980392156863,40.1234925685885,5000,0.018,0.015,0.4,0.01,0.001,True,0.045,0,True,6
0.35759955644607544,0.35622506165036966,0.05525099809796844,256,0.4980316162109375,0.4623691334443934,0.08622765843174608,84,33.0,40.96078431372549,22.756133225679005,,-12418.0,8.842393665158367,False,32639,halfplane,5037.0,4294.392156862745,4395.882449847774,5080,23033.0,20578.725490196077,5104.007345553873,3641.0,3250.0392156862745,913.4431512792642,5000,0.018,0.05,0.4,0.001,0.003,False,0.035,0,True,51
0.41264253854751587,0.4050936576198129,0.05978922649526469,256,0.54168701171875,0.5177100686465993,0.08796054233570305,81,33.0,33.705882352941174,24.115973160466805,,-6054.0,5.169055203619908,False,35500,halfplane,5229.0,8093.686274509804,5132.1773710816915,7891,35481.0,33268.450980392154,7437.152476148342,2628.0,2350.9607843137255,616.7590485370489,5000,0.018,0.03,0.6,0.01,0.03,True,0.03,0,True,39
0.0,0.01264107325936065,0.041392129342269796,256,0.0,0.01117092955346201,0.06944495343381929,97,0.0,7.470588235294118,23.533333006590407,,0.0,3.8325538461538464,True,0,halfplane,0.0,652.6274509803922,4542.099350329763,0,0.0,12.764705882352942,71.09716859183803,0.0,10.803921568627452,36.966874205738144,5000,0.013,0.01,0.4,0.01,0.001,True,0.03,0,True,6
0.0,0.012512486634602514,0.04214466659956539,256,0.0,0.011469223920036764,0.06951881738078065,99,0.0,6.901960784313726,20.549562184125634,,0.0,3.4287339366515837,True,0,halfplane,0.0,651.1372549019608,4542.119001124562,0,0.0,30.647058823529413,143.569184460467,0.0,19.529411764705884,78.28363536730167,5000,0.022,0.015,0.8,0.001,0.001,False,0.04,0,True,7
0.0,0.006491507129634128,0.02499828882406106,256,0.0,0.010098027248008578,0.0693030007404586,101,0.0,3.5686274509803924,14.81950873992049,,0.0,3.8805990950226263,True,0,halfplane,0.0,644.8235294117648,4542.912414316641,0,0.0,1.5294117647058822,8.743295338684918,0.0,3.9411764705882355,22.013731690234675,5000,0.013,0.01,0.8,0.001,0.001,True,0.045,0,True,5
0.0,0.009396145528858053,0.0365308173024427,256,0.0,0.010598276175704658,0.06934781561780948,100,0.0,6.215686274509804,22.998988661047424,,0.0,2.056191855203621,True,0,halfplane,0.0,645.7058823529412,4542.795568827798,0,0.0,52.03921568627451,284.37788728354997,0.0,8.647058823529411,40.058204481122736,5000,0.01,0.015,0.4,0.001,0.03,False,0.035,0,True,8
0.17331042885780334,0.1732952939529045,0.027680729509114006,256,0.6004638671875,0.5957168878293505,0.03048169607175571,87,1.0,6.627450980392157,22.542300789294956,,-63990.0,-11.563625339366512,False,39352,halfplane,36239.0,34488.8431372549,5089.748668137341,28183,6402.0,6379.470588235294,938.8149048697173,586.0,721.4901960784314,423.3538534110688,5000,0.018,0.08,0.8,0.01,0.001,True,0.03,0,True,1
0.3916439116001129,0.3316854659248801,0.08234774431696273,256,0.232269287109375,0.17110547832414216,0.08062966624785835,96,13.0,42.64705882352941,25.274821641240905,,-291464.0,-71.67528235294115,False,15222,halfplane,126.0,761.6470588235294,4526.579805789093,1137,4893.0,2898.294117647059,1681.2025842179414,5231.0,3938.921568627451,1721.7791054505706,5000,0.01,0.03,0.4,0.01,0.001,True,0.03,0,True,45
0.44437187910079956,0.3646335034978156,0.09146482333483191,256,0.32470703125,0.2221856210746017,0.11560574658209177,95,34.0,73.25490196078431,23.377417574261035,,-161293.0,-43.453533936651574,False,21280,halfplane,252.0,1622.9607843137255,6770.490479411033,2770,13385.0,7695.431372549019,4068.1309590759533,7293.0,4416.568627450981,2284.0321608849863,5000,0.018,0.01,0.6,0.01,0.003,True,0.025,0,True,39
0.458670973777771,0.4161849647176032,0.08774984114068152,256,0.4443206787109375,0.3798080145143995,0.13850219336383957,92,21.0,42.3921568627451,24.763254269473748,,-35460.0,-10.982816289592758,False,29119,halfplane,466.0,3681.098039215686,9114.600937248448,5973,29094.0,23607.86274509804,8953.018099993329,6480.0,4427.980392156863,2192.4704079671433,5000,0.022,0.005,0.4,0.001,0.03,False,0.025,0,True,1
0.22039760649204254,0.2649909713689019,0.06037546352753687,256,0.286529541015625,0.27604226505055146,0.0525808753990364,98,1.0,26.0,25.019992006393608,,20917.0,9.872317647058823,False,18778,halfplane,29.0,1756.686274509804,4644.7081315262985,6006,18103.0,16650.392156862745,3558.1047063169676,10713.0,7185.509803921569,3352.1259532968966,5000,0.01,0.08,0.6,0.01,0.01,False,0.035,0,True,50
0.43059927225112915,0.3995930590465957,0.07756054424132243,256,0.373931884765625,0.33020737591911764,0.09633416320553853,93,24.0,38.705882352941174,32.39782982180488,,-17385.0,6.265146606334838,False,24506,halfplane,437.0,1008.1176470588235,4497.4339509349,2904,16772.0,14215.70588235294,4776.285045415887,5694.0,4746.568627450981,1625.6995990854964,5000,0.018,0.03,0.4,0.001,0.003,False,0.035,0,True,51
0.43555083870887756,0.42627531699105803,0.06100433077753739,256,0.617095947265625,0.6020373176125919,0.07849929327819173,91,8.0,21.215686274509803,25.97911206613331,,-196586.0,-45.25275656108597,False,40442,halfplane,26088.0,28681.901960784315,6938.162474301108,14377,26244.0,24136.29411764706,5333.940732425157,1611.0,1448.4313725490197,402.73059427461277,5000,0.022,0.02,0.6,0.001,0.003,True,0.03,0,True,34
0.0,0.027887998550545936,0.0690752130425943,256,0.0,0.014188579484528186,0.0714873517534893,105,0.0,9.254901960784315,18.606179805408,,0.0,4.415804524886877,True,0,halfplane,0.0,740.6274509803922,4570.029784777802,0,0.0,234.88235294117646,1160.8763195519255,0.0,23.725490196078432,62.3016313736529,5000,0.015,0.005,0.6,0.01,0.01,True,0.025,0,True,15
0.0,0.016278382254348994,0.048594392132380454,256,0.0,0.012011060527726715,0.06972665130242117,106,0.0,8.588235294117647,22.443110188319018,,0.0,3.8953312217194584,True,0,halfplane,0.0,669.4901960784314,4542.010854549454,0,0.0,134.1764705882353,604.4274135658443,0.0,18.41176470588235,60.81672127862444,5000,0.013,0.015,0.6,0.001,0.01,False,0.03,0,True,10
0.0,0.011985440012615393,0.03794435890582489,256,0.0,0.011041678634344363,0.06938866102742904,107,0.0,7.0588235294117645,23.24837060679348,,0.0,4.471373755656109,True,0,halfplane,0.0,651.2941176470588,4542.178441224672,0,0.0,8.72549019607843,43.583626369369554,0.0,11.137254901960784,38.90058702507983,5000,0.013,0.015,0.4,0.001,0.001,True,0.035,0,True,5
0.20922698080539703,0.2088805711736866,0.042940074149525664,256,0.7201690673828125,0.7145891376570159,0.061643956770863886,94,1.0,6.882352941176471,21.929161405622967,,-219346.0,-44.35815927601809,False,47197,halfplane,47147.0,46261.313725490196,5664.685497353693,28786,12848.0,11001.43137254902,2118.4324324321674,41.0,99.94117647058823,285.01382228364565,5000,0.018,0.05,0.8,0.01,0.001,True,0.025,0,True,1
0.0,0.022510376001032544,0.0516429633205581,256,0.0,0.013167437385110295,0.06994093684723841,109,0.0,7.823529411764706,18.320358206054664,,0.0,6.897431674208145,True,0,halfplane,0.0,694.8039215686274,4547.283416651877,0,0.0,80.6078431372549,238.32611356935573,0.0,58.431372549019606,140.21821297911796,5000,0.022,0.015,0.6,0.01,0.001,False,0.035,0,True,14
0.0,0.005441588879215951,0.027393430993473255,256,0.0,0.010069903205422795,0.0693046356690737,112,0.0,3.1372549019607843,15.067195385278644,,0.0,1.3949746606334827,True,0,halfplane,0.0,643.9411764705883,4543.033220181978,0,0.0,16.352941176470587,100.51140283168183,0.0,3.3529411764705883,19.08579548744816,5000,0.01,0.015,0.8,0.001,0.03,True,0.045,0,True,4
0.0,0.007304498797976503,0.02678268341941458,256,0.0,0.010446885052849264,0.06930347632107293,114,0.0,6.1568627450980395,23.179074867782344,,0.0,1.3989321266968322,True,0,halfplane,0.0,645.4509803921569,4542.83091886557,0,0.0,42.09803921568628,204.08199571874903,0.0,9.509803921568627,39.19452370161994,5000,0.018,0.02,0.4,0.01,0.03,False,0.045,0,True,7
0.0,0.011289406774392096,0.04016407758065977,256,0.0,0.010781381644454658,0.06935885457135153,115,0.0,5.0,16.88716881505705,,0.0,2.0728271493212667,True,0,halfplane,0.0,647.8823529411765,4542.50901839915,0,0.0,59.372549019607845,296.74270632358866,0.0,9.784313725490197,43.33649176671636,5000,0.013,0.005,0.8,0.01,0.01,False,0.03,0,True,8
0.0,0.006425209799964054,0.024803200379248835,256,0.0,0.010278739181219363,0.06930704747272924,117,0.0,5.705882352941177,22.564325581043533,,0.0,1.3965972850678736,True,0,halfplane,0.0,644.1960784313726,4542.996148002872,0,0.0,31.11764705882353,172.53208250207516,0.0,8.27450980392157,41.15779221549457,5000,0.013,0.03,0.4,0.01,0.03,False,0.045,0,True,8
0.15418262779712677,0.14717614431591594,0.028557869221611482,256,0.8779449462890625,0.8759173224954044,0.05729089596973855,102,1.0,5.705882352941177,17.741381909665062,,-176532.0,-38.37851855203619,False,57537,halfplane,57536.0,57403.01960784314,3754.422586816759,32768,39195.0,32801.76470588235,6760.43360538893,2.0,2.0,1.8364501135636229,5000,0.022,0.05,0.8,0.01,0.003,False,0.025,0,True,1
0.43520575761795044,0.42641456921895343,0.06096386388262375,256,0.6214141845703125,0.6013802921070772,0.07674330071938336,103,21.0,21.823529411764707,25.63828776084625,,-174161.0,-38.75174479638008,False,40725,halfplane,29949.0,28456.58823529412,6297.352768368099,14037,27116.0,25295.666666666668,5515.964362618128,1598.0,1436.1176470588234,382.4189596097106,5000,0.022,0.02,0.6,0.001,0.003,False,0.03,0,True,34
0.0,0.005075038707468147,0.0237841471020705,256,0.0,0.010122560987285539,0.06930384009389773,118,0.0,3.2745098039215685,15.350900122260889,,0.0,1.3970325791855198,True,0,halfplane,0.0,643.9019607843137,4543.037587319754,0,0.0,12.137254901960784,77.36874263914643,0.0,5.352941176470588,31.242770790113973,5000,0.013,0.015,0.8,0.01,0.01,True,0.045,0,True,4
0.43987375497817993,0.4284538679263171,0.061252460717313904,256,0.61407470703125,0.6131768320121017,0.05586894991136328,104,11.0,23.58823529411765,28.59739222348521,,-25638.0,-4.266327601809954,False,40244,halfplane,26205.0,30541.941176470587,5088.213841278588,18734,40218.0,39265.72549019608,6645.184047314536,1787.0,1461.7058823529412,367.0257400877581,5000,0.022,0.02,0.8,0.01,0.03,True,0.03,0,True,19
0.4206048846244812,0.3860900194621554,0.08018773447876543,256,0.247039794921875,0.2213116814108456,0.07351354927963928,111,16.0,37.588235294117645,29.36195782767301,,-41931.0,-9.855656108597273,False,16190,halfplane,122.0,835.6470588235294,4516.294580535865,1976,7046.0,5869.470588235294,2044.1065870768646,6485.0,5166.509803921569,1736.0337867470816,5000,0.018,0.03,0.8,0.001,0.001,False,0.04,0,True,51
0.4100257158279419,0.405123220354903,0.059631819440943604,256,0.4211273193359375,0.4165077957452512,0.05678107517576181,108,42.0,37.27450980392157,18.898156805415198,,-62242.0,-3.6723556561085964,False,27599,halfplane,2271.0,2882.921568627451,4310.169278524313,6256,9856.0,8972.176470588236,2207.4400727404773,3579.0,3250.901960784314,744.875677346252,5000,0.022,0.05,0.8,0.01,0.001,True,0.045,0,True,49
0.0,0.007928228918828216,0.030698909456505073,256,0.0,0.010432523839613971,0.06931939920041552,119,0.0,6.019607843137255,22.955618045398232,,0.0,2.052658823529411,True,0,halfplane,0.0,646.5294117647059,4542.713641594317,0,0.0,38.01960784313726,206.79766469991,0.0,7.627450980392157,35.648590316332495,5000,0.013,0.005,0.4,0.001,0.01,False,0.04,0,True,6
0.44826096296310425,0.4188886565320632,0.07576127414287746,256,0.3867950439453125,0.33338120404411764,0.09463294132197558,113,22.0,41.549019607843135,32.47400995516635,,-1965.0,7.03784705882353,False,25349,halfplane,530.0,1102.1764705882354,4492.546078002515,3695,25331.0,21195.764705882353,6710.306327095671,5695.0,4771.686274509804,1681.3644842886677,5000,0.013,0.02,0.6,0.01,0.03,False,0.025,0,True,41
0.0,0.011690763546628695,0.03148723360902771,256,0.0,0.010711370729932598,0.06931220907859056,120,0.0,7.176470588235294,22.678231665295716,,0.0,3.2564443438914026,True,0,halfplane,0.0,647.8235294117648,4542.505997086192,0,0.0,17.607843137254903,79.44367308594916,0.0,12.509803921568627,43.49458949855519,5000,0.015,0.03,0.4,0.001,0.001,False,0.045,0,True,15
0.24562829732894897,0.2568496760784411,0.05066143137987845,256,0.519622802734375,0.5030798818550858,0.07610583069550164,110,1.0,8.27450980392157,17.746668763762067,,56043.0,21.803729411764703,False,34054,halfplane,215.0,2601.0,5857.917417528881,7727,33976.0,32271.176470588234,6752.049271222403,4251.0,3843.843137254902,993.632696814267,5000,0.013,0.05,0.4,0.01,0.03,True,0.025,0,True,32
0.0,0.0136365196599132,0.03917833460406636,256,0.0,0.011257695216758578,0.06938577253449854,121,0.0,9.0,22.36594049258039,,0.0,5.408076018099547,True,0,halfplane,0.0,650.3333333333334,4542.18817297267,0,0.0,30.03921568627451,118.99645089192809,0.0,21.137254901960784,69.18687952456585,5000,0.018,0.03,0.6,0.001,0.001,False,0.045,0,True,11
0.3202078342437744,0.325121003038743,0.05080510184996292,256,0.282867431640625,0.27451429180070464,0.05637773224011837,116,43.0,40.01960784313726,15.462148845003288,,3810.0,2.8318199095022627,False,18538,halfplane,1120.0,1596.6470588235295,4430.042999054494,5553,18528.0,17330.86274509804,3908.7456792534686,5441.0,4596.529411764706,1229.8984870104664,5000,0.013,0.08,0.8,0.001,0.03,True,0.045,0,True,51
0.0,0.008713449241922182,0.031655156909162804,256,0.0,0.010539335363051471,0.06933179756430416,122,0.0,5.392156862745098,17.094980838180167,,0.0,3.7916009049773747,True,0,halfplane,0.0,647.0784313725491,4542.613162794042,0,0.0,14.803921568627452,78.55159902962824,0.0,11.784313725490197,57.265571125185986,5000,0.015,0.03,0.8,0.001,0.001,False,0.045,0,True,8
0.0,0.006344312710650996,0.026231551549232717,256,0.0,0.010441499597886029,0.069321304211851,123,0.0,5.7254901960784315,22.900533799217854,,0.0,1.4004588235294126,True,0,halfplane,0.0,645.4705882352941,4542.839827697575,0,0.0,39.1764705882353,224.63798378745358,0.0,8.568627450980392,39.78533324295983,5000,0.022,0.01,0.4,0.01,0.03,True,0.045,0,True,5
0.0,0.006192474281324037,0.03266832986562177,256,0.0,0.010173722809436275,0.06931004721958639,124,0.0,3.607843137254902,16.386362612296505,,0.0,1.397012669683259,True,0,halfplane,0.0,644.3921568627451,4542.975431122384,0,0.0,24.254901960784313,150.7260653957911,0.0,4.921568627450981,28.7939557500439,5000,0.01,0.01,0.8,0.01,0.03,False,0.035,0,True,4
0.0,0.027689101801062113,0.07382691308470564,256,0.0,0.014748068416819853,0.07152956258842316,127,0.0,11.764705882352942,25.18370795737042,,0.0,7.9533411764705875,True,0,halfplane,0.0,737.8235294117648,4568.438840506281,0,0.0,141.1764705882353,637.721578743723,0.0,57.450980392156865,151.87563458761832,5000,0.015,0.01,0.8,0.01,0.003,True,0.025,0,True,9
0.0,0.01197380589905615,0.043624194629733534,256,0.0,0.010895373774509803,0.06942154809128935,129,0.0,4.96078431372549,16.565923900554708,,0.0,4.485105882352941,True,0,halfplane,0.0,649.1372549019608,4542.403846715006,0,0.0,22.941176470588236,136.33341652493354,0.0,9.215686274509803,40.4059371125184,5000,0.01,0.005,0.6,0.01,0.003,True,0.03,0,True,8
0.0,0.011908508691133237,0.03676655303793196,256,0.0,0.010934867110906863,0.06937429864715079,131,0.0,5.607843137254902,16.377984303868015,,0.0,4.6001963800905,True,0,halfplane,0.0,648.8627450980392,4542.378879301227,0,0.0,21.764705882352942,104.57881692964254,0.0,15.588235294117647,63.657224370316925,5000,0.013,0.02,0.8,0.01,0.001,False,0.035,0,True,9
0.0,0.010791657575835273,0.04954833084562998,256,0.0,0.011021931966145834,0.06952827985160191,132,0.0,4.098039215686274,15.999086863601013,,0.0,3.404295927601809,True,0,halfplane,0.0,648.8235294117648,4542.466682001467,0,0.0,33.588235294117645,215.1033656194328,0.0,8.666666666666666,44.42560058038725,5000,0.01,0.005,0.8,0.01,0.003,True,0.025,0,True,6
0.0,0.009581561875986118,0.03477854964539445,256,0.0,0.01061862122778799,0.06935435604966475,133,0.0,6.03921568627451,22.770776579895525,,0.0,3.949592760180994,True,0,halfplane,0.0,648.3137254901961,4542.506691115735,0,0.0,14.96078431372549,82.6582761675605,0.0,6.901960784313726,30.040661921874232,5000,0.013,0.01,0.6,0.001,0.001,False,0.04,0,True,8
0.0,0.006832943713365525,0.03214640558826179,256,0.0,0.010280235140931373,0.06931993027120191,134,0.0,4.823529411764706,22.44444634774888,,0.0,2.704471493212671,True,0,halfplane,0.0,644.4117647058823,4542.973295085674,0,0.0,7.470588235294118,47.63848869912155,0.0,6.470588235294118,36.783602986569804,5000,0.01,0.005,0.4,0.001,0.003,True,0.04,0,True,5
0.0,0.010038582242879212,0.03653635447568986,256,0.0,0.010999492570465686,0.06943703577511597,136,0.0,6.509803921568627,23.140976769443117,,0.0,2.0650389140271526,True,0,halfplane,0.0,649.9215686274509,4542.334149229917,0,0.0,75.86274509803921,407.2138244315272,0.0,12.156862745098039,49.350039255013336,5000,0.015,0.015,0.6,0.01,0.03,True,0.035,0,True,8
0.46855002641677856,0.4158474884781183,0.08798090000029583,256,0.3702850341796875,0.29356922822840076,0.1126332658009658,125,24.0,57.549019607843135,36.80116884625536,,-220143.0,-58.4759882352941,False,24267,halfplane,416.0,1690.8431372549019,6690.746602064761,3962,15108.0,10739.274509803921,4536.589252102446,7058.0,5445.509803921569,2349.17982660907,5000,0.018,0.01,0.8,0.001,0.003,True,0.025,0,True,32
0.0,0.009510929568433295,0.03603523540324882,256,0.0,0.010982438629748775,0.06938342979717545,137,0.0,5.549019607843137,18.475541569700557,,0.0,2.0594832579185507,True,0,halfplane,0.0,647.5098039215686,4542.584823352763,0,0.0,77.17647058823529,366.2761577827477,0.0,17.568627450980394,67.101694815673,5000,0.018,0.03,0.6,0.001,0.03,False,0.045,0,True,6
0.0,0.00670125582894566,0.02776330471817289,256,0.0,0.010315240598192402,0.0693128351305539,138,0.0,3.6470588235294117,15.125389030046973,,0.0,1.3962959276018099,True,0,halfplane,0.0,645.0980392156863,4542.873027427631,0,0.0,33.490196078431374,190.2429172162316,0.0,6.705882352941177,37.33751418343117,5000,0.013,0.02,0.8,0.001,0.03,False,0.045,0,True,6
0.3636968433856964,0.35364099606579424,0.057756516871521967,256,0.4044189453125,0.3829854329427083,0.08181889650958159,126,22.0,36.15686274509804,21.635457959979117,,4273.0,5.818299547511311,False,26504,halfplane,808.0,1331.7843137254902,4453.4587277478995,3200,26498.0,24447.764705882353,6285.96403946292,5576.0,4878.274509803921,1423.448699164874,5000,0.015,0.05,0.4,0.01,0.03,False,0.035,0,True,43
0.4176904261112213,0.3693198152616912,0.08470004109007226,256,0.3435211181640625,0.2735278559666054,0.1025486271064782,128,10.0,38.0,29.11505237003368,,3254.0,8.300079638009045,False,22513,halfplane,153.0,814.7647058823529,4519.345582455084,2059,21362.0,16437.196078431374,6525.260944431709,6514.0,5201.3725490196075,2062.8022246618734,5000,0.022,0.03,0.4,0.01,0.01,False,0.04,0,True,50
0.0,0.013026393000401702,0.04453181552359442,256,0.0,0.011897965973498775,0.06983151037801931,139,0.0,5.8431372549019605,17.837361702633405,,0.0,4.623763800904977,True,0,halfplane,0.0,665.6078431372549,4541.982481892774,0,0.0,76.01960784313725,385.581327867217,0.0,12.450980392156863,46.0099365761866,5000,0.022,0.005,0.6,0.01,0.003,False,0.035,0,True,8
0.0,0.013822673710391802,0.04383476903275224,256,0.0,0.011749865962009803,0.06968755874642321,143,0.0,6.176470588235294,17.371044063526465,,0.0,5.138831674208143,True,0,halfplane,0.0,670.4313725490196,4542.390094950238,0,0.0,34.96078431372549,169.39094597934394,0.0,14.137254901960784,52.14949085452327,5000,0.018,0.015,0.6,0.001,0.001,False,0.035,0,True,11
0.0,0.018119215234821916,0.04212013581591357,256,0.0,0.011631385952818627,0.06950765107565214,145,0.0,8.803921568627452,20.558877294290454,,0.0,2.077352941176472,True,0,halfplane,0.0,656.3921568627451,4541.573978165959,0,0.0,112.72549019607843,511.835033106328,0.0,15.784313725490197,44.697814889562295,5000,0.015,0.015,0.6,0.001,0.03,True,0.035,0,True,15
0.2122739553451538,0.2163353883752636,0.051586094093469544,256,0.7177734375,0.7107385373583027,0.059603811885612624,130,1.0,12.019607843137255,30.21912794843458,,87166.0,20.21071674208144,False,47040,halfplane,46990.0,45628.490196078434,5216.8647949817105,25117,44434.0,42998.74509803922,7094.026951316537,32.0,93.37254901960785,231.19416852543918,5000,0.018,0.05,0.6,0.001,0.01,True,0.025,0,True,4
0.11285176128149033,0.09599835542487163,0.030702194829290545,256,0.0131072998046875,0.020249310661764705,0.06829526118631614,144,58.0,34.31372549019608,23.509272426901934,,9143.0,10.027283257918551,False,859,halfplane,26.0,677.7647058823529,4538.660528792286,330,837.0,662.5490196078431,518.2472085459848,731.0,484.2352941176471,136.74085813588061,5000,0.018,0.02,0.8,0.01,0.03,True,0.035,0,True,38
0.3797610104084015,0.3196616920770383,0.083680447165641,256,0.213348388671875,0.1609167959175858,0.08126367970184588,140,15.0,45.72549019607843,26.478314050478858,,3693.0,5.308649773755657,False,13982,halfplane,123.0,745.4117647058823,4529.188674159656,967,13941.0,9858.725490196079,4523.484753682854,5366.0,3815.372549019608,1758.0642202103138,5000,0.01,0.03,0.4,0.01,0.03,True,0.03,0,True,51
0.15395724773406982,0.16906845481956706,0.05265002218586567,256,0.3995361328125,0.39548686906403185,0.053566727433290474,135,1.0,11.058823529411764,25.529999089656815,,99581.0,31.103071493212656,False,26184,halfplane,27.0,1694.078431372549,5333.7633693409225,6931,19304.0,18254.823529411766,3664.094755955806,10015.0,8802.901960784313,2759.232489581982,5000,0.01,0.08,0.6,0.01,0.003,False,0.025,0,True,26
0.3873254358768463,0.34072403609752655,0.08089174481932362,256,0.2203521728515625,0.1809411142386642,0.07961073851888453,142,19.0,45.411764705882355,34.095124411717855,,1450.0,7.530996380090497,False,14441,halfplane,118.0,772.3529411764706,4525.606837539198,1271,13676.0,10624.725490196079,4350.30316761195,5247.0,4026.549019607843,1674.6105934676098,5000,0.01,0.03,0.4,0.001,0.01,False,0.03,0,True,47
0.0,0.01145438177912843,0.041397382866880154,256,0.0,0.010723338407628676,0.06936656976530668,150,0.0,6.529411764705882,22.77025316209163,,0.0,4.8915158371040715,True,0,halfplane,0.0,647.7647058823529,4542.546299798512,0,0.0,8.411764705882353,47.8531972708478,0.0,8.568627450980392,35.84457456250652,5000,0.01,0.005,0.4,0.01,0.001,True,0.03,0,True,5
0.0,0.005587748671863593,0.027467483497299414,256,0.0,0.010146795534620098,0.06930608157229044,152,0.0,3.215686274509804,15.07538407209528,,0.0,1.4000425339366516,True,0,halfplane,0.0,644.0,4543.025013634616,0,0.0,13.196078431372548,78.52738241239716,0.0,5.901960784313726,34.02608855037084,5000,0.01,0.03,0.8,0.01,0.003,False,0.045,0,True,5
0.0,0.008490688797524747,0.03088940694032943,256,0.0,0.01064435173483456,0.06933342310803904,155,0.0,6.215686274509804,22.94436042929546,,0.0,3.9338570135746593,True,0,halfplane,0.0,646.3333333333334,4542.714618438536,0,0.0,12.607843137254902,66.46570055487194,0.0,11.431372549019608,46.237772056866845,5000,0.013,0.03,0.4,0.01,0.003,True,0.04,0,True,6
0.21123434603214264,0.2675914226793775,0.10040552786141807,256,0.0389404296875,0.25372254614736517,0.21328421970338837,149,44.0,50.80392156862745,16.215484741616983,,408.0,2.298692307692307,False,2552,halfplane,895.0,10308.0,13612.474091874732,912,2122.0,14641.745098039215,12984.405104409565,803.0,1073.7254901960785,499.73722814433904,5000,0.01,0.08,0.8,0.001,0.01,True,0.035,0,True,51
0.20973289012908936,0.21404306678210988,0.04746921609237066,256,0.721221923828125,0.7118222105736826,0.06297240225192248,141,1.0,8.215686274509803,24.80774209125615,,-227883.0,-48.35581266968325,False,47266,halfplane,47228.0,45672.0,5368.038685901335,24610,19441.0,16632.117647058825,3581.8586567785674,30.0,111.49019607843137,290.85704139892175,5000,0.018,0.05,0.6,0.01,0.001,False,0.025,0,True,1
0.0,0.020146532916103254,0.05417125083025332,256,0.0,0.012709673713235295,0.07007984731339502,156,0.0,8.470588235294118,20.058104753955345,,0.0,3.365684162895928,True,0,halfplane,0.0,703.156862745098,4550.310738678331,0,0.0,177.0392156862745,777.2981349643087,0.0,20.666666666666668,61.83680821058929,5000,0.018,0.01,0.6,0.01,0.01,False,0.03,0,True,13
0.25436607003211975,0.2601107908230202,0.04563334720780758,256,0.3764190673828125,0.35861624923406865,0.06705805380831494,146,1.0,12.117647058823529,29.409646982582743,,19796.0,11.627961990950226,False,24669,halfplane,49.0,742.9607843137255,4531.369861531007,3150,24659.0,22852.647058823528,5294.702653516817,9893.0,8727.411764705883,2614.6854808529383,5000,0.015,0.08,0.4,0.01,0.03,False,0.04,0,True,36
0.0,0.012525264575493102,0.0416452199630033,256,0.0,0.011401008157169117,0.06954540315818612,157,0.0,7.0,20.0880415114243,,0.0,3.949842533936651,True,0,halfplane,0.0,659.4901960784314,4541.764226500488,0,0.0,59.68627450980392,292.96800937558567,0.0,12.137254901960784,45.54205968451113,5000,0.015,0.015,0.6,0.001,0.003,False,0.035,0,True,9
0.4406246542930603,0.40597184206925185,0.0800307769527511,256,0.3741302490234375,0.32260460947074143,0.09644918368142857,147,21.0,34.94117647058823,27.902077907516016,,28.0,6.812769230769232,False,24519,halfplane,335.0,968.4705882352941,4500.460457282823,2736,23264.0,19418.039215686276,6427.5849456663145,5971.0,5109.666666666667,1725.7125571964061,5000,0.022,0.03,0.6,0.01,0.01,False,0.04,0,True,51
0.4164543151855469,0.40332404451042997,0.06595923568769478,256,0.729736328125,0.7273981430951286,0.06512137584728923,148,1.0,15.411764705882353,32.275879703135956,,-96439.0,-24.58094841628959,False,47824,halfplane,47673.0,46771.294117647056,6314.906380918827,32158,45254.0,42365.78431372549,7517.004799091049,105.0,138.8235294117647,147.463615436959,5000,0.022,0.01,0.8,0.01,0.01,False,0.025,0,True,1
0.0,0.009123287273242194,0.030891154937624937,256,0.0,0.010568656173406863,0.0693168169304523,163,0.0,5.450980392156863,16.8200554025459,,0.0,2.6983067873303157,True,0,halfplane,0.0,647.0784313725491,4542.605855082832,0,0.0,35.666666666666664,199.2044635560498,0.0,9.764705882352942,45.46042805596029,5000,0.018,0.015,0.8,0.01,0.01,True,0.04,0,True,8
0.0,0.005489622740367172,0.024950738333634325,256,0.0,0.010098625631893383,0.069305562713479,165,0.0,3.215686274509804,14.915860390728183,,0.0,0.7119076923076925,True,0,halfplane,0.0,644.0,4543.023874201921,0,0.0,19.313725490196077,117.01323709199819,0.0,4.294117647058823,24.815629260488283,5000,0.013,0.005,0.8,0.001,0.03,False,0.045,0,True,5
0.44141465425491333,0.41887716043229195,0.0719116314650054,256,0.4723968505859375,0.42188696767769607,0.11344569432388371,151,17.0,32.07843137254902,24.85711571081763,,-108764.0,-22.63303619909502,False,30959,halfplane,994.0,1770.7058823529412,4416.875411837071,4748,20145.0,16968.176470588234,5857.166325196425,4443.0,3697.078431372549,1299.2988432399216,5000,0.015,0.02,0.4,0.01,0.003,True,0.025,0,True,47
0.15822172164916992,0.11623367535717347,0.038009997698473144,256,0.0268402099609375,0.02511147891773897,0.06768578499580005,164,72.0,66.03921568627452,31.769365429246594,,11296.0,8.955757466063345,False,1759,halfplane,37.0,674.5882352941177,4538.801466468703,397,1727.0,971.0196078431372,562.1896787647833,1389.0,709.7254901960785,347.96557630234975,5000,0.015,0.03,0.6,0.001,0.03,True,0.04,0,True,43
0.2340865433216095,0.24207883693423926,0.05230500699024771,256,0.5997772216796875,0.5855317957261029,0.06434984498518277,154,1.0,13.03921568627451,29.761114769544978,,82322.0,19.9170479638009,False,39307,halfplane,33904.0,31428.019607843136,6501.824306557432,15828,39293.0,37715.8431372549,6760.638322260234,847.0,1016.2352941176471,648.5710261869762,5000,0.015,0.05,0.6,0.001,0.03,False,0.025,0,True,21
0.25134316086769104,0.254324761968033,0.05346551544352012,256,0.7330169677734375,0.7218741622625613,0.050684409870441684,153,1.0,11.705882352941176,26.012285270728658,,-54439.0,-16.426722171945695,False,48039,halfplane,47889.0,45992.72549019608,7056.520500338902,32768,34458.0,31761.823529411766,6325.033620637242,109.0,200.7450980392157,296.68031538137865,5000,0.022,0.05,0.4,0.001,0.003,True,0.03,0,True,3
0.3644382953643799,0.31066984055089014,0.08133743247794992,256,0.22747802734375,0.2500927495021446,0.1474824681457373,160,85.0,70.31372549019608,22.549718659240938,,-7945.0,9.903600904977372,False,14908,halfplane,2467.0,8469.764705882353,8523.596717551822,2530,5001.0,4902.176470588235,2528.5923209803664,2519.0,1582.3529411764705,609.5747737925929,5000,0.01,0.08,0.6,0.01,0.001,False,0.035,0,True,51
0.1858098953962326,0.21666470695944393,0.06586277926766716,256,0.3326568603515625,0.32644952512254904,0.04886844653301921,158,1.0,12.0,21.542479694142664,,26241.0,8.852872398190044,False,21801,halfplane,13.0,1583.2549019607843,4800.544649831412,8124,21795.0,20744.70588235294,4034.0209167320963,11278.0,8895.921568627451,3647.2682006101295,5000,0.01,0.08,0.6,0.01,0.03,False,0.03,0,True,33
0.4431478977203369,0.3343953823342043,0.072592484412751,256,0.3729095458984375,0.27332141352634803,0.12787609776048525,161,90.0,59.72549019607843,19.05521227789883,,-321.0,4.556284162895925,False,24439,halfplane,8138.0,7868.35294117647,5937.525469331643,5101,24427.0,17255.92156862745,8469.799916249469,1345.0,1681.7058823529412,472.9205999816107,5000,0.01,0.05,0.8,0.01,0.03,True,0.03,0,True,51
0.2872357666492462,0.3210727706843731,0.055399517943548464,256,0.4034423828125,0.37958421894148286,0.07991082138611529,159,49.0,39.0,12.903867789216093,,10621.0,5.08948959276018,False,26440,halfplane,2025.0,3417.2156862745096,4696.677420966516,7748,26420.0,24218.960784313724,6154.976067428613,5959.0,4853.921568627451,1488.3618425103073,5000,0.018,0.08,0.8,0.01,0.03,True,0.045,0,True,51
0.42843544483184814,0.40433964454660226,0.0700189801959594,256,0.3622894287109375,0.31990709491804536,0.07928613709668662,162,27.0,37.705882352941174,26.852753258367876,,-14926.0,7.337465158371043,False,23743,halfplane,648.0,1144.764705882353,4475.535737843583,3548,15661.0,13375.372549019608,3872.840954297718,4783.0,4275.6274509803925,1325.2128347120924,5000,0.013,0.03,0.6,0.01,0.003,False,0.03,0,True,51
0.0,0.012571726067393435,0.03179837335596761,256,0.0,0.010850195791207108,0.0693159532760037,169,0.0,8.666666666666666,23.253645437732786,,0.0,2.064041628959275,True,0,halfplane,0.0,648.6274509803922,4542.3983643470665,0,0.0,64.17647058823529,269.0591236055496,0.0,15.843137254901961,51.25001101827509,5000,0.018,0.03,0.4,0.001,0.01,False,0.045,0,True,15
0.0,0.012347562329880163,0.04352665133126937,256,0.0,0.01123824774050245,0.06949207653693612,170,0.0,5.196078431372549,16.41856864607891,,0.0,5.121147511312218,True,0,halfplane,0.0,654.9215686274509,4541.9179452407,0,0.0,35.549019607843135,216.99510374213153,0.0,13.27450980392157,51.6834552475774,5000,0.015,0.01,0.8,0.01,0.003,True,0.03,0,True,6
0.0,0.007965587298659718,0.030382718475419353,256,0.0,0.01060785031786152,0.06932226188250587,171,0.0,4.235294117647059,16.110632508236773,,0.0,2.6895683257918543,True,0,halfplane,0.0,647.1372549019608,4542.613293048474,0,0.0,48.333333333333336,235.9134659121704,0.0,11.137254901960784,50.89359126334202,5000,0.022,0.02,0.8,0.001,0.01,False,0.045,0,True,6
0.0,0.01273683991337962,0.03836195119890764,256,0.0,0.011234059053308824,0.06945117585626691,172,0.0,8.196078431372548,23.386789976514805,,0.0,2.071639819004525,True,0,halfplane,0.0,651.0980392156863,4542.161592410027,0,0.0,93.6470588235294,442.5601465062836,0.0,17.666666666666668,65.92796623608334,5000,0.015,0.02,0.6,0.01,0.03,False,0.035,0,True,12
0.37262409925460815,0.28259846159056123,0.07838093466505855,256,0.1776275634765625,0.11126978257123162,0.07183629296578664,168,29.0,82.74509803921569,23.070941860351553,,15177.0,12.274554751131223,False,11641,halfplane,132.0,790.8627450980392,4528.170015253783,1341,11640.0,6647.9607843137255,3172.467332984579,5895.0,3387.3529411764707,1704.6676845204206,5000,0.018,0.015,0.8,0.01,0.03,False,0.03,0,True,40
0.0,0.017845645921339633,0.06770144836882241,256,0.0,0.013121960209865197,0.07114888241751209,174,0.0,5.921568627450981,17.44553781619445,,0.0,3.376201809954752,True,0,halfplane,0.0,727.6274509803922,4565.726606953434,0,0.0,187.27450980392157,1053.7967411712712,0.0,20.45098039215686,87.5040197901273,5000,0.015,0.005,0.8,0.01,0.01,True,0.025,0,True,6
0.0,0.005520739428260747,0.029128063553410983,256,0.0,0.010158763212316176,0.06930955892238948,175,0.0,3.215686274509804,15.436541476779094,,0.0,2.0691366515837095,True,0,halfplane,0.0,644.0784313725491,4543.017287253032,0,0.0,7.490196078431373,47.71006082455902,0.0,4.8431372549019605,28.05063527225791,5000,0.01,0.015,0.6,0.01,0.001,False,0.045,0,True,4
0.0,0.01762322350816034,0.0527473625195389,256,0.0,0.011540431602328432,0.06953468564359812,176,0.0,8.03921568627451,23.16941931818134,,0.0,3.3246805429864237,True,0,halfplane,0.0,671.9215686274509,4542.127983808856,0,0.0,109.11764705882354,519.6360584274278,0.0,10.764705882352942,37.68423409628088,5000,0.01,0.005,0.4,0.001,0.03,True,0.025,0,True,15
0.4113274812698364,0.39391211727086234,0.05738313442727046,256,0.35003662109375,0.3410833022173713,0.05968533728214467,167,36.0,43.84313725490196,16.67024183107885,,-197331.0,-37.02969140271492,False,22940,halfplane,1241.0,2525.764705882353,4351.913113626954,7140,7780.0,6907.686274509804,1839.8358781258348,3723.0,3329.529411764706,921.804376187528,5000,0.01,0.03,0.8,0.01,0.001,True,0.025,0,True,50
0.0,0.008503302183075278,0.030713852670814588,256,0.0,0.010616227692248775,0.06933467170657243,180,0.0,4.431372549019608,15.776943840289173,,0.0,2.0608923076923067,True,0,halfplane,0.0,646.5294117647059,4542.6843293147285,0,0.0,50.76470588235294,270.54480896200175,0.0,9.843137254901961,46.936073567378195,5000,0.022,0.015,0.8,0.001,0.03,True,0.045,0,True,8
0.0,0.0056303739798821365,0.027019184624692764,256,0.0,0.010146197150735295,0.0693064933296563,181,0.0,3.588235294117647,15.371448540041586,,0.0,2.7088877828054296,True,0,halfplane,0.0,644.1960784313726,4542.99689468116,0,0.0,2.7058823529411766,16.944307989441796,0.0,6.2745098039215685,38.13447744309273,5000,0.01,0.03,0.8,0.01,0.001,True,0.045,0,True,5
0.22552256286144257,0.167341375467824,0.05201603618841447,256,0.0594940185546875,0.04347767549402574,0.06641132904434374,178,91.0,68.6078431372549,27.97693618130908,,12764.0,11.219656108597283,False,3899,halfplane,54.0,739.9411764705883,4542.574226623372,697,3855.0,2169.627450980392,1065.6513604324548,2307.0,1283.313725490196,631.3813517837206,5000,0.013,0.015,0.4,0.01,0.03,True,0.025,0,True,45
0.2549530267715454,0.2568765793945275,0.05209863426070245,256,0.73480224609375,0.721400541417739,0.0524616111484194,166,1.0,8.176470588235293,19.996770212106796,,67675.0,13.887310407239818,False,48156,halfplane,48083.0,46310.56862745098,6565.421203443356,30339,48134.0,46393.76470588235,7405.008256441719,60.0,139.41176470588235,238.17016296811482,5000,0.022,0.05,0.4,0.001,0.03,True,0.03,0,True,23
0.0,0.025010154984307056,0.06583317147735958,256,0.0,0.013316135780484068,0.07064163070193834,182,0.0,8.764705882352942,17.282642584900504,,0.0,8.108272398190048,True,0,halfplane,0.0,718.1764705882352,4556.2106705836695,0,0.0,184.5686274509804,929.3465816473876,0.0,25.254901960784313,81.46136895997712,5000,0.015,0.005,0.4,0.01,0.01,True,0.025,0,True,18
0.3991873264312744,0.37884966912222845,0.06744568116360433,256,0.259002685546875,0.24618201162300857,0.06789089795336192,173,16.0,35.0,22.632615715326565,,493.0,5.48237737556561,False,16974,halfplane,202.0,852.7843137254902,4514.108043021087,2187,16013.0,14630.745098039215,4130.264815339195,5079.0,4471.6274509803925,1260.5207756769066,5000,0.015,0.05,0.8,0.01,0.01,False,0.045,0,True,51
0.0,0.018814047734600072,0.04569791444872692,256,0.0,0.012439204197303922,0.06962946252460131,184,0.0,9.431372549019608,23.857629109858344,,0.0,3.973223529411766,True,0,halfplane,0.0,686.3725490196078,4544.891745559436,0,0.0,160.23529411764707,586.968168567247,0.0,24.274509803921568,66.00358826590714,5000,0.022,0.01,0.4,0.01,0.01,False,0.035,0,True,14
0.0,0.007192870783767955,0.029434525197572906,256,0.0,0.010408588484221814,0.06931867953724065,189,0.0,5.627450980392157,22.648170756167886,,0.0,2.729603619909503,True,0,halfplane,0.0,645.6078431372549,4542.81111500414,0,0.0,12.117647058823529,65.3022075892714,0.0,8.882352941176471,44.48160979719531,5000,0.013,0.03,0.6,0.01,0.001,False,0.045,0,True,6
0.0,0.01723889970019752,0.0391878521254014,256,0.0,0.01127474915747549,0.0694159972387214,190,0.0,9.411764705882353,19.568057675700434,,0.0,7.302596380090496,True,0,halfplane,0.0,655.5098039215686,4541.521134013161,0,0.0,28.666666666666668,163.29027043366864,0.0,17.745098039215687,62.452442498352255,5000,0.015,0.015,0.8,0.001,0.003,True,0.035,0,True,13
0.18689069151878357,0.20149363840327544,0.05575305243888809,256,0.4335479736328125,0.4203640806908701,0.060815438231029514,177,1.0,9.352941176470589,26.543211923062707,,63000.0,18.539614479638004,False,28413,halfplane,44.0,1207.6666666666667,4687.786624613848,6527,27201.0,25775.803921568626,5280.3487964843425,8613.0,7486.764705882353,2197.1549303073584,5000,0.013,0.08,0.4,0.001,0.01,False,0.03,0,True,30
0.0,0.005276949382295795,0.02655464748439274,256,0.0,0.01016384947533701,0.06931004448025692,192,0.0,3.3333333333333335,15.576083560541377,,0.0,0.7128796380090494,True,0,halfplane,0.0,644.0980392156863,4543.011479637027,0,0.0,16.0,105.04284840006957,0.0,4.764705882352941,29.408941040928173,5000,0.013,0.01,0.8,0.001,0.01,True,0.045,0,True,4
0.0,0.008088805548408452,0.03707619544985521,256,0.0,0.010521982230392158,0.06934842173056271,193,0.0,5.490196078431373,22.83819689065788,,0.0,1.397818099547511,True,0,halfplane,0.0,644.5098039215686,4542.957796856749,0,0.0,47.05882352941177,273.5420827763003,0.0,8.03921568627451,40.50948123554642,5000,0.01,0.01,0.6,0.01,0.03,False,0.035,0,True,5
0.3932155966758728,0.3861017548570446,0.05766542461994085,256,0.461090087890625,0.4577950870289522,0.08708126727570226,179,42.0,53.19607843137255,23.440387141154087,,-287728.0,-62.29181357466062,False,30218,halfplane,4649.0,9137.254901960785,6428.778259935331,9543,11021.0,9656.901960784313,2698.2836611221046,3319.0,2613.156862745098,826.1200447484952,5000,0.013,0.03,0.6,0.001,0.001,True,0.025,0,True,49
0.4468073546886444,0.4175948062363793,0.07728848006217964,256,0.386932373046875,0.33860000909543503,0.09224564220414914,183,31.0,39.1764705882353,31.78895225675845,,-17979.0,6.788510407239815,False,25358,halfplane,834.0,1040.313725490196,4490.629653610955,2987,17349.0,14601.64705882353,4649.49742096814,5962.0,5095.274509803921,1667.1474178607189,5000,0.022,0.03,0.6,0.001,0.003,False,0.04,0,True,51
0.0,0.018326192108147284,0.04893522116747447,256,0.0,0.012075087603400736,0.06975584769326743,194,0.0,8.588235294117647,21.14949261949997,,0.0,6.586895022624432,True,0,halfplane,0.0,665.4901960784314,4541.629833443225,0,0.0,53.1764705882353,288.3650128272107,0.0,15.901960784313726,47.274855440705885,5000,0.013,0.01,0.6,0.001,0.003,True,0.03,0,True,12
0.38432633876800537,0.36486491122666526,0.06744191984654105,256,0.3265838623046875,0.2974524404488358,0.0828506210234832,186,19.0,30.725490196078432,23.356636904845825,,-8020.0,8.099866968325797,False,21403,halfplane,171.0,883.9803921568628,4510.025431388652,2203,15052.0,13023.313725490196,4107.156344103502,6015.0,5057.686274509804,1612.6113336266192,5000,0.015,0.05,0.4,0.01,0.003,False,0.04,0,True,51
0.36989983916282654,0.3701440802976197,0.0569314144751243,256,0.34698486328125,0.31985533471200983,0.06474385081801959,187,36.0,54.568627450980394,27.138175774923027,,-40678.0,5.4313285067873265,False,22740,halfplane,3350.0,3609.176470588235,4483.552664826176,4519,8365.0,7330.058823529412,1779.0001092458242,3460.0,2985.9411764705883,805.252132278948,5000,0.013,0.05,0.6,0.001,0.001,False,0.035,0,True,51
0.0,0.008184179590613233,0.030254816182940986,256,0.0,0.010625801834405637,0.06933571639527342,195,0.0,6.2745098039215685,23.04648195803561,,0.0,2.0558633484162896,True,0,halfplane,0.0,649.0196078431372,4542.4192115802325,0,0.0,53.88235294117647,275.81605457821183,0.0,9.313725490196079,41.66274029943274,5000,0.022,0.015,0.6,0.01,0.03,False,0.045,0,True,7
0.0,0.026633646202218884,0.051200202285643565,256,0.0,0.012841018975949754,0.0694943423289774,196,0.0,16.176470588235293,28.31870848552862,,0.0,9.197895927601811,True,0,halfplane,0.0,666.0784313725491,4541.140410639451,0,0.0,69.19607843137256,225.15937881193008,0.0,54.98039215686274,114.62667283549847,5000,0.013,0.02,0.4,0.001,0.003,True,0.03,0,True,15
0.45732033252716064,0.4413038492202759,0.06914010394103988,256,0.3916168212890625,0.3761880912032782,0.0766379409486391,185,11.0,31.215686274509803,27.065145609842347,,-544895.0,-132.55984162895922,False,25665,halfplane,434.0,1356.7450980392157,4466.995295972526,6358,9057.0,7737.6274509803925,2420.798401441746,5818.0,4864.3725490196075,1497.6368045898612,5000,0.013,0.02,0.8,0.001,0.001,True,0.025,0,True,46
0.13563330471515656,0.12477332017585344,0.055768649069444266,256,0.0216827392578125,0.03908134909237132,0.10636386667550994,197,49.0,47.568627450980394,16.819986829353898,,58890.0,7.5104461538461535,False,1421,halfplane,53.0,1412.2941176470588,6740.881522309122,623,1388.0,1513.8039215686274,2922.6203929955136,1073.0,754.156862745098,212.57887786807004,5000,0.022,0.01,0.4,0.01,0.01,False,0.03,0,True,34
0.0,0.007570713338460408,0.026299383535013356,256,0.0,0.010429831112132353,0.06931399466942,199,0.0,6.0,22.729440181852084,,0.0,2.063480542986425,True,0,halfplane,0.0,645.5686274509804,4542.819057632421,0,0.0,25.823529411764707,153.48560715334042,0.0,8.705882352941176,36.7974285747204,5000,0.022,0.005,0.4,0.01,0.01,True,0.045,0,True,9
0.45118147134780884,0.41784478314951357,0.07855471630152805,256,0.390045166015625,0.3388205135569853,0.10289984748636359,188,12.0,45.03921568627451,36.36522837380469,,-5497.0,7.98002262443439,False,25562,halfplane,373.0,1121.3921568627452,4493.768164558696,3862,23835.0,19951.980392156864,6876.063949018223,6309.0,4941.431372549019,1827.6640749274657,5000,0.018,0.02,0.6,0.01,0.01,True,0.03,0,True,47
0.36975523829460144,0.37706566032241373,0.05690447145987763,256,0.4994964599609375,0.48486986347273286,0.08308146822585577,191,96.0,52.98039215686274,28.223540581994104,,-564.0,3.3875339366515815,False,32735,halfplane,9405.0,9591.588235294117,6795.879871113577,6440,32726.0,31120.86274509804,6998.060016945334,2935.0,2636.470588235294,763.3161232653932,5000,0.022,0.05,0.6,0.001,0.03,False,0.04,0,True,51
0.4224601089954376,0.2663164888234699,0.10612664360321125,256,0.551666259765625,0.33383627498851104,0.24808757850009877,198,69.0,59.254901960784316,17.206750997569213,,-3512.0,8.479568325791854,False,36154,halfplane,16364.0,13388.019607843138,15824.513162898655,1927,10281.0,6433.705882352941,4110.251126787695,2076.0,1547.7254901960785,742.6492080471069,5000,0.013,0.08,0.8,0.01,0.001,False,0.035,0,True,50
