F_std_final,F_std_mean,F_std_temporal_std,N,alive_density_final,alive_density_mean,alive_density_temporal_std,base,cog_load_final,cog_load_mean,cog_load_temporal_std,cog_specificity_final,cog_specificity_mean,cog_specificity_temporal_std,config_idx,correlation_length_final,correlation_length_final_over_mean,correlation_length_mean,correlation_length_temporal_std,dyn_excess_pc_final,dyn_excess_pc_slope,eg_excess_pc_final,eg_excess_pc_slope,error,excess_activity_final,excess_activity_slope,excess_pc_final,excess_pc_slope,extinct,final_pop,init,largest_patch_final,largest_patch_final_over_mean,largest_patch_mean,largest_patch_temporal_std,mean_intake_final,mean_intake_mean,mean_intake_temporal_std,min_pop,n_distinct_genomes_final,n_distinct_genomes_mean,n_distinct_genomes_temporal_std,n_patches_final,n_patches_mean,n_patches_temporal_std,n_steps,negene_final,negene_mean,negene_temporal_std,param_food_inc,param_gdiff,param_m_scale,param_mu_egene,param_mu_lut,param_restricted_mu,param_tax,seed,shadow,unique_top_genomes
0.3530115485191345,0.3532737683166157,0.03480796739959899,256,0.4234771728515625,0.4151523054138688,0.04183503585900194,2026-04-27_top_7_cfg87_score0.60.evoca,23.03567123413086,22.31175805714505,0.7020312257545408,23.03567123413086,22.31175805714505,0.7020312257545408,21,8.0,0.4136752136752137,19.33884297520661,23.58300050271128,235482.37617438694,22.359029239100412,1504981.9341398517,127.89556748295006,,-18160.0,1.9048388429752041,-1.6640292674690205,0.00024723329257664067,False,27753,halfplane,183.0,0.2065751788862871,885.8760330578513,3516.3513691857283,0.0349089577794075,0.034980110639382986,0.00354403996357869,5068,19625.0,18444.03305785124,2850.525014521239,6464.0,5917.099173553719,1059.945814964366,12000,1.0,1.0,0.0,0.015,0.05,0.6,0.01,0.003,True,0.035,0,True,109
0.3538689911365509,0.35320845689655334,0.035075329225054803,256,0.4172821044921875,0.4151333895596591,0.04398096099413805,2026-04-27_top_7_cfg87_score0.60.evoca,23.1284236907959,22.396387352431116,0.7799341896644472,23.1284236907959,22.396387352431116,0.7799341896644472,23,6.0,0.3030050083472454,19.801652892561982,22.40632283649127,316325.97852380946,22.923011324342944,1362094.128598907,128.62815765083906,,-17858.0,1.7899722937271367,-1.6032929375949587,0.00022468762029315118,False,27347,halfplane,178.0,0.18729347107725486,950.3801652892562,3572.262688406115,0.03551815077662468,0.03499475912737452,0.0035767570646112446,4886,19461.0,18483.661157024795,2863.9661644248804,6683.0,5933.123966942148,1069.1253362595976,12000,1.0,1.0,0.0,0.015,0.05,0.6,0.01,0.003,True,0.035,2,True,109
0.3533705770969391,0.35311960927711045,0.03505491242836664,256,0.4170074462890625,0.4148715941373967,0.04328370398027525,2026-04-27_top_7_cfg87_score0.60.evoca,23.112407684326172,22.39277097213367,0.7226774497599926,23.112407684326172,22.39277097213367,0.7226774497599926,22,4.0,0.20482437579348287,19.52892561983471,24.15619776747252,310680.07933727815,22.776208636956802,1573997.5774862824,133.94309220815916,,-17833.0,1.1789473648557103,-1.6333965092940073,0.0001838018198709669,False,27329,halfplane,170.0,0.17066148957529598,996.1239669421487,3740.1591594945808,0.03553825616836548,0.035045106133276764,0.0035726545691605865,4717,19490.0,18481.9173553719,2830.736036010168,6748.0,5938.1322314049585,1064.3607940309655,12000,1.0,1.0,0.0,0.015,0.05,0.6,0.01,0.003,True,0.035,1,True,111
0.3484745919704437,0.34821023268640533,0.035295096387570134,256,0.4236602783203125,0.4120635986328125,0.04972570712900885,2026-04-27_top_9_cfg82_score0.55.evoca,24.792221069335938,24.5924050985289,0.2722744662882391,24.792221069335938,24.5924050985289,0.2722744662882391,29,1.0,0.15143929912390486,6.603305785123967,20.158659660793884,311916.9649139466,26.432254136213526,8794718.146658827,829.23755321009,,11229.0,1.6184048909361874,0.39578940296409915,0.00011742840928918776,False,27765,halfplane,108.0,0.26850215738648037,402.2314049586777,2958.0684192388153,0.03505402430891991,0.03496486533525561,0.0034568557926396336,2792,25564.0,24488.611570247933,3938.8607875460366,7261.0,6707.380165289256,1213.700102215939,12000,1.0,1.0,0.0,0.015,0.05,0.4,0.001,0.01,True,0.035,2,True,107
0.3493770658969879,0.3483169055428387,0.03505179926409979,256,0.4221343994140625,0.4127256535301524,0.048134353008573244,2026-04-27_top_9_cfg82_score0.55.evoca,24.84941291809082,24.64886346927359,0.19859613789564026,24.84941291809082,24.64886346927359,0.19859613789564026,27,1.0,0.14938271604938272,6.694214876033058,19.180673371786263,290502.0208695653,26.235636125643396,9658360.950788751,806.5463743536556,,9227.0,1.4021008670911803,0.31745318560182945,9.475396169983471e-05,False,27665,halfplane,133.0,0.32844868053146115,404.93388429752065,2955.349554175318,0.035211000591516495,0.034926354084625716,0.0034273442633102652,2890,25594.0,24543.06611570248,3844.167946674584,7336.0,6732.479338842975,1196.2194241568482,12000,1.0,1.0,0.0,0.015,0.05,0.4,0.001,0.01,True,0.035,0,True,103
0.3489883840084076,0.34784689927396695,0.035049481297108914,256,0.4244232177734375,0.41284948932237864,0.048265897459420275,2026-04-27_top_9_cfg82_score0.55.evoca,24.856515884399414,24.690086995274566,0.22423911797460913,24.856515884399414,24.690086995274566,0.22423911797460913,28,1.0,0.15837696335078533,6.31404958677686,19.164806354594653,318608.55656716414,26.751989297984125,9092643.224965706,839.316436572054,,9991.0,0.8515367836336541,0.35201810721514093,7.960546208967297e-05,False,27815,halfplane,80.0,0.19946835912547137,401.06611570247935,2956.694261215792,0.03492164984345436,0.03498383599125649,0.0034461291636485405,2952,25632.0,24566.710743801654,3849.5250075950207,7227.0,6754.099173553719,1196.0139403604405,12000,1.0,1.0,0.0,0.015,0.05,0.4,0.001,0.01,True,0.035,1,True,106
0.35287827253341675,0.34971311405177946,0.03447721388809895,256,0.4218292236328125,0.41825967583774537,0.03738375457209651,2026-04-27_top_4_cfg34_score0.63.evoca,23.341869354248047,22.91703180045136,0.5847067860748955,23.341869354248047,22.91703180045136,0.5847067860748955,14,1.0,0.12656903765690375,7.900826446280992,16.016213354787624,282169.8761318051,21.321799585991975,1646691.6148042628,148.3093649721103,,10251.0,-0.007439777807884836,0.37047112994467657,5.840641410131374e-06,False,27645,halfplane,109.0,0.211338471645809,515.7603305785124,3041.1204330004944,0.035483524203300476,0.0348849247001912,0.0032260143852133713,3936,27602.0,27082.289256198346,3495.56184594268,6732.0,6417.322314049587,983.4882111153695,12000,1.0,1.0,0.0,0.015,0.05,0.6,0.01,0.03,True,0.035,2,True,88
0.35186639428138733,0.349548934904997,0.03449940964776251,256,0.4241943359375,0.4177020364556431,0.038573954171522026,2026-04-27_top_4_cfg34_score0.63.evoca,23.326078414916992,22.970755994812517,0.562980322372139,23.326078414916992,22.970755994812517,0.562980322372139,12,1.0,0.12913553895410887,7.743801652892562,16.274265506585547,236324.71923705726,20.856000133510296,1619492.7254345296,143.2607593196068,,9985.0,0.6232287630402388,0.35828690451361833,2.9460847306610107e-05,False,27800,halfplane,263.0,0.5303568154925588,495.89256198347107,3015.969267883993,0.03517399728298187,0.03495052447619517,0.003257582314088952,3734,27771.0,27051.165289256198,3544.915367736584,6696.0,6450.735537190083,993.2806130899838,12000,1.0,1.0,0.0,0.015,0.05,0.6,0.01,0.03,True,0.035,0,True,92
0.3520274758338928,0.349741471823582,0.03472357311541622,256,0.4227752685546875,0.4173716395354468,0.039056076157163326,2026-04-27_top_4_cfg34_score0.63.evoca,23.351139068603516,22.919803871596155,0.5981697481288579,23.351139068603516,22.919803871596155,0.5981697481288579,13,1.0,0.11758989310009717,8.50413223140496,19.04979293913289,263598.8059775281,21.59743458237784,1727705.856735254,146.1442060335768,,9191.0,0.43345996477442134,0.332363679873096,2.336026773545921e-05,False,27707,halfplane,212.0,0.441621044657921,480.0495867768595,2994.792838628656,0.034918755292892456,0.034923065053529975,0.0032464787385142165,3533,27661.0,27028.30578512397,3565.420093577409,6692.0,6440.727272727273,1006.8208947223865,12000,1.0,1.0,0.0,0.015,0.05,0.6,0.01,0.03,True,0.035,1,True,90
0.4566560387611389,0.4506298899650574,0.044435836159495756,256,0.5398712158203125,0.5249265560433884,0.06725103751884065,2026-04-27_top_6_cfg3_score0.61.evoca,23.249286651611328,23.52162253955179,0.38110134128217543,23.249286651611328,23.52162253955179,0.38110134128217543,20,9.0,0.5060408921933086,17.785123966942148,21.394834709746174,175893.75943689316,13.691523302665582,3173377.0113854595,249.0154437577764,,-150482.0,-8.863279027232082,-5.370192105574617,6.364063682400825e-05,False,35381,halfplane,1227.0,0.42513522877931864,2886.1404958677685,5891.177814165191,0.019898856058716774,0.019873078512258766,0.0019437025430434718,10324,23762.0,22540.92561983471,3982.2709480343624,3657.0,3364.223140495868,701.7861213544155,12000,1.0,1.0,0.0,0.015,0.01,0.6,0.001,0.003,False,0.02,2,True,55
0.456001341342926,0.451258523651391,0.04380876840920384,256,0.5411224365234375,0.5249548037190083,0.06393871684360636,2026-04-27_top_6_cfg3_score0.61.evoca,23.586414337158203,23.842971754468177,0.3427623913606489,23.586414337158203,23.842971754468177,0.3427623913606489,19,11.0,0.598740440845704,18.371900826446282,22.233223680560453,180868.38282926835,13.112626376095744,3274631.9582451954,249.3852596000823,,-148752.0,-4.566768527299827,-5.280803365963029,0.00022153970384186804,False,35463,halfplane,2562.0,0.875798454649471,2925.3305785123966,5703.340141246259,0.01966981403529644,0.019875750407453412,0.0019232404727161842,11291,23925.0,22549.03305785124,3890.7365104756836,3707.0,3420.8264462809916,696.1925695136719,12000,1.0,1.0,0.0,0.015,0.01,0.6,0.001,0.003,False,0.02,1,True,63
0.4572979807853699,0.4521864022105193,0.04287495700179415,256,0.533416748046875,0.5274554796455321,0.058323194318065305,2026-04-27_top_6_cfg3_score0.61.evoca,23.75444793701172,23.841889468106356,0.27748543257299313,23.75444793701172,23.841889468106356,0.27748543257299313,18,14.0,0.764785553047404,18.305785123966942,23.337921106509533,162412.62122488033,12.968015164907584,3704149.5240912205,287.5332263611906,,-229641.0,-6.1019270424061895,-8.67703275247433,0.00013437406112368073,False,34958,halfplane,1589.0,0.5287649985286798,3005.115702479339,5630.217901908999,0.020190492272377014,0.019856138108683027,0.0019132832433196162,12788,23545.0,22643.07438016529,3745.0714172212292,3929.0,3470.6363636363635,679.8394681682867,12000,1.0,1.0,0.0,0.015,0.01,0.6,0.001,0.003,False,0.02,0,True,62
0.4178159534931183,0.41185604713179846,0.04159106704351374,256,0.4598846435546875,0.44451513369221335,0.05784741746458154,2026-04-27_top_10_cfg39_score0.55.evoca,24.676631927490234,24.401011711309764,0.3680189401413279,24.676631927490234,24.401011711309764,0.3680189401413279,1,1.0,0.06402116402116402,15.619834710743802,27.438663738259454,205868.31578238343,16.45633602506859,8012286.250359664,756.9433371706347,,-6263.0,0.8751558054464162,-0.2267237595435132,5.698083446595178e-05,False,30139,halfplane,237.0,0.32804832012080026,722.4545454545455,3394.889479572553,0.035164639353752136,0.034830366730813155,0.003346951850141327,6943,28056.0,26473.165289256198,4877.8293393259,5852.0,5343.809917355372,904.9122811609205,12000,1.0,1.0,0.0,0.025,0.02,0.4,0.001,0.01,True,0.035,1,True,88
0.41744524240493774,0.4117190857564122,0.0413530885981335,256,0.46197509765625,0.4444114748111441,0.056227486010042495,2026-04-27_top_10_cfg39_score0.55.evoca,24.705211639404297,24.53904374177791,0.25032298029221994,24.705211639404297,24.53904374177791,0.25032298029221994,0,1.0,0.062019477191184,16.123966942148762,25.934300414362024,212733.81746214104,16.928951433052525,8245344.736899864,750.5409240400481,,-6469.0,0.40245840671995675,-0.22787222228632054,4.132142206257175e-05,False,30276,halfplane,242.0,0.3457142857142857,700.0,3393.3600306363987,0.03508710861206055,0.03485252520392749,0.0033551448899237276,7187,28184.0,26489.85123966942,4761.5066138848015,5963.0,5375.793388429752,879.4428638064493,12000,1.0,1.0,0.0,0.025,0.02,0.4,0.001,0.01,True,0.035,0,True,88
0.41826385259628296,0.4118368842385032,0.041275420385591996,256,0.4633941650390625,0.44493077806204806,0.05667041846684021,2026-04-27_top_10_cfg39_score0.55.evoca,24.682703018188477,24.490508371148227,0.2798438903141001,24.682703018188477,24.490508371148227,0.2798438903141001,2,1.0,0.06685082872928177,14.958677685950413,25.675790666514224,220219.69905263162,17.347013829454937,8457596.305054342,749.0229525871259,,-5376.0,0.8889589486519436,-0.17634325765251901,5.5808678134103855e-05,False,30369,halfplane,178.0,0.24576938437838763,724.2561983471074,3422.4358309553495,0.035188425332307816,0.03482400067150593,0.0033457437161692727,7308,28183.0,26487.388429752067,4822.107104966351,5896.0,5380.05785123967,888.1328198778284,12000,1.0,1.0,0.0,0.025,0.02,0.4,0.001,0.01,True,0.035,2,True,91
0.42801257967948914,0.41849114665807774,0.04480214826618126,256,0.4684600830078125,0.4478419280249225,0.06437663635904672,2026-04-27_top_5_cfg35_score0.62.evoca,24.579818725585938,24.378570525114203,0.2928956808096486,24.579818725585938,24.378570525114203,0.2928956808096486,16,8.0,0.5044293903074518,15.859504132231406,22.423536109519873,179804.91043216072,13.817055757295867,7150273.955269279,611.5562461468351,,-1392.0,1.3363447364855712,-0.045713591247874774,6.350492241064572e-05,False,30701,halfplane,257.0,0.38387566660082956,669.4876033057851,2992.462006678877,0.02523348107933998,0.024961406288068158,0.0025890588166312734,4688,30691.0,29033.438016528926,5088.47815319861,5392.0,4976.380165289256,850.0574725946606,12000,1.0,1.0,0.0,0.015,0.02,0.4,0.001,0.03,False,0.025,1,True,62
0.42699190974235535,0.41860255549761877,0.0447788637380729,256,0.4738922119140625,0.4484640074170325,0.06382188913212641,2026-04-27_top_5_cfg35_score0.62.evoca,24.60224723815918,24.323212347739982,0.310232277553607,24.60224723815918,24.323212347739982,0.310232277553607,15,11.0,0.6943140323422013,15.84297520661157,21.971810739700164,175654.64950000006,13.972008009088713,6284066.74076712,616.292831377968,,-1648.0,1.006763785394933,-0.051805508409528134,5.1568329559137106e-05,False,31057,halfplane,332.0,0.46080433136800575,720.4793388429752,3173.116355666446,0.024900708347558975,0.02492866267965845,0.002656977874065503,4603,31039.0,29072.18181818182,5060.776778648292,5213.0,4999.909090909091,848.185082328319,12000,1.0,1.0,0.0,0.015,0.02,0.4,0.001,0.03,False,0.025,0,True,72
0.4279021620750427,0.4189443754509461,0.04435871246415367,256,0.468780517578125,0.4499760146968621,0.0618453964472891,2026-04-27_top_5_cfg35_score0.62.evoca,24.506574630737305,24.18129794853778,0.3243879988656196,24.506574630737305,24.18129794853778,0.3243879988656196,17,10.0,0.6926159129937035,14.438016528925619,21.088123860757953,165626.6725679012,14.012924755327436,6567207.5197256515,604.965043675676,,-2018.0,1.0374765614415393,-0.06523690549796823,5.141771068225747e-05,False,30722,halfplane,611.0,0.8426625634011512,725.0826446280992,3094.275694862126,0.025125058367848396,0.024939459663900463,0.0026217141468946738,4875,30707.0,29166.727272727272,4970.546468784606,5248.0,4996.818181818182,824.8953251902093,12000,1.0,1.0,0.0,0.015,0.02,0.4,0.001,0.03,False,0.025,2,True,65
0.44923701882362366,0.4422633687326731,0.045991735450732214,256,0.517333984375,0.5032702989814696,0.06978056190014188,2026-04-27_top_3_cfg70_score0.68.evoca,20.568016052246094,20.49612877585671,0.6851153096360665,20.568016052246094,20.49612877585671,0.6851153096360665,10,10.0,0.6114199090449721,16.355371900826448,19.905503829668056,143627.17993853427,12.749507867548568,808659.5708232332,73.42495299560504,,-21645.0,0.7100744479067886,-0.6606860782855,6.231759447061532e-05,False,33904,halfplane,470.0,0.2563027861153926,1833.7685950413222,5030.157179675091,0.019991308450698853,0.019879469278553302,0.0019164862223484266,7584,32416.0,30997.396694214876,5434.2068349740175,4305.0,3873.8264462809916,788.7696840695679,12000,1.0,1.0,0.0,0.015,0.01,0.6,0.01,0.01,False,0.02,1,True,48
0.44845712184906006,0.44160780507670944,0.04707362627666745,256,0.519866943359375,0.5014463062128744,0.07235268672726232,2026-04-27_top_3_cfg70_score0.68.evoca,20.544849395751953,20.367610395447283,0.7086618536196982,20.544849395751953,20.367610395447283,0.7086618536196982,11,7.0,0.4178589047853971,16.75206611570248,20.890616736515756,121760.13227251731,12.794688123794648,853250.6162246338,70.66514378219912,,-23364.0,0.23325159192521325,-0.690460864582569,5.536716785927371e-05,False,34070,halfplane,569.0,0.29792638493426915,1909.8677685950413,5044.311239737424,0.01998252235352993,0.019873341406918755,0.0019287080478148423,6993,32581.0,30884.98347107438,5565.291855576249,4131.0,3883.6694214876034,798.0686333959061,12000,1.0,1.0,0.0,0.015,0.01,0.6,0.01,0.01,False,0.02,2,True,56
0.4500272274017334,0.44129479522547443,0.04786660401978755,256,0.511383056640625,0.49998259741412704,0.07390223717382371,2026-04-27_top_3_cfg70_score0.68.evoca,20.5546932220459,20.389482309010404,0.7250543577949046,20.5546932220459,20.389482309010404,0.7250543577949046,9,15.0,0.8866634098680997,16.917355371900825,21.074282936090736,144769.11417061603,12.86954634502167,829181.2030322215,71.7515754640744,,-21375.0,-0.09665262159599096,-0.6683201997827055,4.658051970919265e-05,False,33514,halfplane,718.0,0.411634826775832,1744.2644628099174,5010.60132279648,0.020199783146381378,0.01988929528589091,0.0019545360062151428,6552,32098.0,30795.314049586777,5643.315450448759,4377.0,3902.685950413223,819.7056519985157,12000,1.0,1.0,0.0,0.015,0.01,0.6,0.01,0.01,False,0.02,0,True,44
0.435454398393631,0.4284623276349927,0.046055340350004866,256,0.4861297607421875,0.4600857821377841,0.0666633634674194,2026-04-27_top_8_cfg111_score0.58.evoca,21.595373153686523,21.225711318086987,0.6404777589685772,21.595373153686523,21.225711318086987,0.6404777589685772,24,8.0,0.47992067426871593,16.669421487603305,23.010377978352416,143382.05682494002,12.870905081587193,982670.6652893026,84.79281945999062,,1314.0,0.7452876304023851,0.0408204176657323,4.921169859758527e-05,False,31859,halfplane,435.0,0.591377915599299,735.5702479338843,2986.469453850857,0.025164280086755753,0.02496022179969086,0.002894526687354431,3918,31830.0,29845.239669421488,5173.56593780407,4934.0,4734.338842975207,841.9807672733181,12000,1.0,1.0,0.0,0.015,0.02,0.6,0.01,0.03,True,0.025,0,True,66
0.43704894185066223,0.42922115633802965,0.04499344140990227,256,0.478668212890625,0.46355255379164517,0.06257443482751354,2026-04-27_top_8_cfg111_score0.58.evoca,21.6081600189209,21.277253489848995,0.5365976368817417,21.6081600189209,21.277253489848995,0.5365976368817417,25,8.0,0.53510226644555,14.950413223140496,19.98298914579967,150771.48774879228,13.249031071900474,1000808.596741829,87.07878269312047,,1325.0,2.3986003251591934,0.04383098387320805,9.874883289438569e-05,False,31370,halfplane,428.0,0.5687301639596306,752.5537190082645,2944.482954093805,0.025054683908820152,0.02497310797907104,0.0027972406749667473,4720,31333.0,30073.611570247933,4954.803828745769,5003.0,4756.371900826446,813.7456313854263,12000,1.0,1.0,0.0,0.015,0.02,0.6,0.01,0.03,True,0.025,1,True,82
0.43713387846946716,0.42891739764489417,0.04582641209862089,256,0.47674560546875,0.4631560774874096,0.06397220972383617,2026-04-27_top_8_cfg111_score0.58.evoca,21.60498046875,21.243045869937614,0.5846857735783394,21.60498046875,21.243045869937614,0.5846857735783394,26,10.0,0.6419098143236074,15.578512396694215,20.871409550627185,150582.41366183572,12.613670715534344,972278.0420408413,85.2844262252702,,875.0,2.1436433410107028,0.030044948545352668,9.215601488566918e-05,False,31244,halfplane,327.0,0.4472161312928092,731.1900826446281,2964.0451985547047,0.02498774416744709,0.024950856696968237,0.0029705161568914407,3889,31208.0,30046.661157024795,5039.140656362642,5066.0,4744.305785123967,817.0995958086532,12000,1.0,1.0,0.0,0.015,0.02,0.6,0.01,0.03,True,0.025,2,True,77
0.3152492046356201,0.30750267293827593,0.029617962354789456,256,0.7030792236328125,0.7041823962503229,0.0433708096209859,2026-04-27_top_2_cfg30_score0.72.evoca,24.579225540161133,24.200622542830537,0.48343784012537533,24.579225540161133,24.200622542830537,0.48343784012537533,6,1.0,0.19836065573770492,5.041322314049586,17.158664868504996,88324.88860475179,5.537767038355685,5516692.907469759,484.4903151484197,,78878.0,5.866348055818996,1.7795763727628078,0.00013798236979105553,False,46077,halfplane,45981.0,1.0079354727206917,45618.99173553719,4469.332585550362,0.03494875878095627,0.03473003123971549,0.003264136539030424,19856,44146.0,43989.074380165286,5002.660413154547,78.0,169.8595041322314,335.52010460103526,12000,1.0,1.0,0.0,0.025,0.05,0.6,0.01,0.01,False,0.035,0,True,68
0.3144727349281311,0.3070996484973214,0.029665015875784635,256,0.7037811279296875,0.7043653756133781,0.04321557600677089,2026-04-27_top_2_cfg30_score0.72.evoca,24.571754455566406,24.202022457910964,0.4349929336285329,24.571754455566406,24.202022457910964,0.4349929336285329,7,1.0,0.19175911251980984,5.214876033057851,17.511840910997055,70613.00327659585,5.85407193256818,5658078.56613073,481.75024915258314,,76915.0,5.166663798943233,1.7248965140510526,0.00012204196051255863,False,46123,halfplane,46032.0,1.0085164563067857,45643.28099173554,4449.983861467886,0.035275883972644806,0.03474310445329867,0.003274199281702529,19611,44224.0,44001.264462809915,5008.85086995984,69.0,169.67768595041323,341.7793066596643,12000,1.0,1.0,0.0,0.025,0.05,0.6,0.01,0.01,False,0.035,1,True,86
0.31431418657302856,0.3075600517682793,0.02988814526908789,256,0.7031402587890625,0.7039627201301007,0.042339722564512405,2026-04-27_top_2_cfg30_score0.72.evoca,24.554914474487305,24.179677159333032,0.4893426529079146,24.554914474487305,24.179677159333032,0.4893426529079146,8,1.0,0.1816816816816817,5.5041322314049586,18.345681576639237,70454.74119148939,5.949852781623036,5733605.680416364,490.0774642635065,,77573.0,6.2844525809510925,1.7561039603297095,0.00014622681242749182,False,46081,halfplane,45960.0,1.0077183094303845,45607.98347107438,4471.61282860927,0.0347958542406559,0.034780720679843724,0.003268067883733441,20401,44164.0,43977.85123966942,5001.101289726271,92.0,168.65289256198346,334.1094171928147,12000,1.0,1.0,0.0,0.025,0.05,0.6,0.01,0.01,False,0.035,2,True,78
0.3149155378341675,0.31054973060434515,0.029913170661777233,256,0.6966552734375,0.7008268498192148,0.04544149017824064,2026-04-27_top_1_cfg49_score0.75.evoca,24.92134666442871,24.69283523244306,0.2380700272367763,24.92134666442871,24.69283523244306,0.2380700272367763,3,1.0,0.2270168855534709,4.404958677685951,16.40831199984455,79901.18668669532,5.794173079626667,22089333.760459535,1957.1236751942683,,152183.0,12.66947778078851,3.5351681099479197,0.00029932670930027426,False,45656,halfplane,45548.0,1.0021937560872003,45448.29752066116,4524.590827844584,0.03410378471016884,0.03479466465694352,0.003295463762544419,18299,43264.0,43281.347107438014,5037.855648230603,51.0,146.2396694214876,370.5024737494153,12000,1.0,1.0,0.0,0.025,0.05,0.6,0.001,0.01,True,0.035,0,True,78
0.3152124881744385,0.3100836877980508,0.029646013784629808,256,0.6970672607421875,0.7012006270983988,0.04553728873124999,2026-04-27_top_1_cfg49_score0.75.evoca,24.962480545043945,24.850169583785632,0.145278459378992,24.962480545043945,24.850169583785632,0.145278459378992,5,1.0,0.18501529051987767,5.404958677685951,18.347237733138716,90245.44278787891,5.64537073064194,28189330.14829254,2226.9108792753377,,145806.0,12.288465384094298,3.402008276623137,0.00029104524476377563,False,45683,halfplane,45576.0,1.0005063585094447,45552.93388429752,4518.216588005115,0.03392009809613228,0.03480589947055194,0.0033113012462090154,18961,43250.0,43310.14049586777,5002.6229670552675,77.0,148.94214876033058,371.97232407314203,12000,1.0,1.0,0.0,0.025,0.05,0.6,0.001,0.01,True,0.035,2,True,75
0.3154709041118622,0.3105354619420264,0.029869630630225158,256,0.6987457275390625,0.7012863789708161,0.04525322044300362,2026-04-27_top_1_cfg49_score0.75.evoca,24.94662857055664,24.73789423162287,0.2227925357949497,24.94662857055664,24.73789423162287,0.2227925357949497,4,1.0,0.23359073359073357,4.2809917355371905,16.074322802591567,80244.56539914175,5.6813469290871295,31348651.79512628,2172.4504374916482,,138224.0,11.411564083457527,3.222828080426149,0.00027134452295323304,False,45793,halfplane,45695.0,1.0042937406093155,45499.63636363636,4464.102254893895,0.03491741046309471,0.03479368938517965,0.003314884394955861,18668,43331.0,43302.438016528926,5014.896938523192,68.0,147.87603305785123,377.95105656833783,12000,1.0,1.0,0.0,0.025,0.05,0.6,0.001,0.01,True,0.035,1,True,76
