arm,config_idx,determinism_ok,dyn_excess_pc_final,dyn_excess_pc_late_minus_early_mean,dyn_excess_pc_slope,dyn_excess_pc_slope_early,dyn_excess_pc_slope_late,dyn_excess_pc_switch,eg_excess_pc_final,eg_excess_pc_late_minus_early_mean,eg_excess_pc_slope,eg_excess_pc_slope_early,eg_excess_pc_slope_late,eg_excess_pc_switch,error,extinct,final_pop,food_inc,gdiff,m_scale,min_pop,n_distinct_genomes_final,n_distinct_genomes_late_minus_early_mean,n_distinct_genomes_slope,n_distinct_genomes_slope_early,n_distinct_genomes_slope_late,n_distinct_genomes_switch,param_mu_lut_p1,phase1_ticks,seed,sub_alive,sub_digest,sub_frac_evolved,sub_n_lut,tax
B,3,,-7404769.0,0.0,-5.614300349970145e-14,6.10876642779006e-13,4.868632277880001e-13,-7404769.0,-8126114.0,0.0,2.245720139988058e-13,6.10876642779006e-13,8.1143871298e-13,-8126114.0,,True,0,0.015,0.06,3.0,0,0.0,0.0,0.0,0.0,0.0,0.0,0.0,3000,0,0,0,0.0,0,0.035
B,18,,-7427875.0,0.0,5.05287031497313e-13,4.07251095186004e-13,8.114387129800001e-14,-7427875.0,-8129593.0,0.0,4.491440279976116e-13,8.14502190372008e-13,4.868632277880001e-13,-8129593.0,,True,0,0.015,0.06,3.0,0,0.0,0.0,0.0,0.0,0.0,0.0,0.0,3000,3,0,0,0.0,0,0.035
B,23,,-7416491.0,0.0,2.245720139988058e-13,0.0,5.68007099086e-13,-7416491.0,-8136009.0,0.0,-4.491440279976116e-13,1.425378833151014e-12,6.491509703840001e-13,-8136009.0,,True,0,0.015,0.06,3.0,0,0.0,0.0,0.0,0.0,0.0,0.0,0.0,3000,4,0,0,0.0,0,0.035
B,28,,-7435809.0,0.0,4.491440279976116e-13,7.12689416575507e-13,8.114387129800001e-14,-7435809.0,-8137524.0,0.0,2.245720139988058e-13,6.10876642779006e-13,6.491509703840001e-13,-8137524.0,,True,0,0.015,0.06,3.0,0,0.0,0.0,0.0,0.0,0.0,0.0,0.0,3000,5,0,0,0.0,0,0.035
B,8,,-7417406.0,0.0,0.0,2.03625547593002e-13,4.0571935649e-13,-7417406.0,-8128422.0,0.0,0.0,6.10876642779006e-13,9.737264555760002e-13,-8128422.0,,True,0,0.015,0.06,3.0,0,0.0,0.0,0.0,0.0,0.0,0.0,0.0,3000,1,0,0,0.0,0,0.035
B,13,,-9309619.0,0.0,2.245720139988058e-13,1.832629928337018e-12,1.6228774259600001e-13,-9309619.0,-10049959.0,0.0,3.3685802099820876e-13,8.14502190372008e-13,5.68007099086e-13,-10049959.0,,True,0,0.015,0.06,3.0,0,0.0,0.0,0.0,0.0,0.0,0.0,0.0,3000,2,0,0,0.0,0,0.035
B,33,,-9310122.0,0.0,5.614300349970145e-13,0.0,6.491509703840001e-13,-9310122.0,-10045558.0,0.0,-2.245720139988058e-13,1.01812773796501e-12,1.6228774259600001e-13,-10045558.0,,True,0,0.015,0.06,3.0,0,0.0,0.0,0.0,0.0,0.0,0.0,0.0,3000,6,0,0,0.0,0,0.035
B',14,,1.0,0.0,4.1818052474896515e-20,1.543782878090645e-19,1.4959640784667747e-19,1.0,0.4993141288869083,0.0014860539513956161,2.5113234456038994e-07,-4.22867889691786e-07,-1.1045196420186359e-06,0.4855967078201502,,False,55441,0.015,0.06,3.0,33795,36267.0,1177.578571428574,0.21682126113455097,3.1888345864661636,-0.0529090909090902,16978.0,0.0,100,2,1329,4271945308184,0.0,1,0.035
B',24,,1.0,0.0,4.1818052474896515e-20,1.543782878090645e-19,1.4959640784667747e-19,1.0,0.49794238712638617,0.005281207121199616,3.3618292851098593e-07,-3.805810814113116e-06,-3.384818229219562e-06,0.49382716049331066,,False,55379,0.015,0.06,3.0,28962,36491.0,1165.171428571426,0.21405075011720526,3.523714285714282,-0.06945454545454169,14311.0,0.0,100,4,1499,4208233185056,0.0,1,0.035
B',4,,0.0,0.0,0.0,0.0,0.0,0.0,0.49794238712638617,-0.777533326332542,-0.00014413667720018867,-0.0022173442243013193,2.1377797903758518e-07,16.022023244244338,,False,55806,0.015,0.06,3.0,31725,36455.0,1134.8333333333358,0.21426336146273042,3.0042105263157852,-0.0780259740259749,16205.0,0.0,100,0,1438,403480853096,0.0,1,0.035
B',29,,1.0,0.0,4.1818052474896515e-20,1.543782878090645e-19,1.4959640784667747e-19,1.0,0.4842249657958746,-0.7783486775022581,-0.00014433595459798849,-0.002224596943803166,-7.268451628964639e-06,16.0552484209893,,False,55661,0.015,0.06,3.0,32756,36612.0,969.6190476190459,0.17505239099859546,2.885248120300747,-0.13616883116882922,16608.0,0.0,100,5,1480,440117643648,0.0,1,0.035
B',19,,0.0,0.0,0.0,0.0,0.0,0.0,0.5020576133392751,0.0008818341761070991,1.2202909449860138e-07,1.0251967393188414e-05,3.206670411270164e-07,0.4855967078183312,,False,56083,0.015,0.06,3.0,32625,36730.0,1160.578571428574,0.21579231129864135,3.116067669172928,0.008532467532465877,16160.0,0.0,100,3,1438,403480853096,0.0,1,0.035
B',9,,0.0,0.0,0.0,0.0,0.0,0.0,0.4993141288869083,-0.0031974655358724124,-4.786305980597208e-07,4.445269556896232e-06,-1.7636684283565892e-06,0.5130315500682627,,False,55147,0.015,0.06,3.0,32363,36048.0,1029.721428571429,0.18051758087201036,3.0353308270676767,-0.21074025974025848,16606.0,0.0,100,1,1439,4127585065216,0.0,1,0.035
B',34,,0.0,0.0,0.0,0.0,0.0,0.0,0.4842249657958746,-0.003984584215114828,-3.199445403341655e-07,-9.076188334458813e-07,5.967968872252444e-06,0.49382716049512965,,False,55753,0.015,0.06,3.0,29485,36369.0,1216.2261904761908,0.22158649789029672,3.2682481203007554,-0.23651948051948074,14595.0,0.0,100,6,1432,394156398720,0.0,1,0.035
B,38,,-9313821.0,0.0,3.3685802099820876e-13,1.221753285558012e-12,7.302948416820001e-13,-9313821.0,-10048032.0,0.0,4.491440279976116e-13,1.629004380744016e-12,1.0548703268740002e-12,-10048032.0,,True,0,0.015,0.06,3.0,0,0.0,0.0,0.0,0.0,0.0,0.0,0.0,3000,7,0,0,0.0,0,0.035
B,43,,-9322512.0,0.0,3.3685802099820876e-13,0.0,4.868632277880001e-13,-9322512.0,-10048609.0,0.0,0.0,1.425378833151014e-12,8.92582584278e-13,-10048609.0,,True,0,0.015,0.06,3.0,0,0.0,0.0,0.0,0.0,0.0,0.0,0.0,3000,8,0,0,0.0,0,0.035
A,22,True,9505.681632653112,1932.721442189737,0.377978019852156,-8.840681216762333,-1.0739893912076008,303.89579158317065,1588.2694512277376,-1372.0178913533798,-0.29020329099435455,-6.116275639950542,-0.6299933090633033,24349.729718632312,,False,15704,0.015,0.06,3.0,9466,9897.0,-2632.02619047619,-0.3205561415846229,4.690503759398499,0.8300779220779222,16208.0,0.06,3000,4,36798,170788675451620,1.0,36798,0.035
C,22,True,8791.693089430919,-2693.385677928418,-0.15938404957184812,-3.712387171030042,11.900132124566781,1262.4419354838901,0.4869684500154108,-4913.086099340921,-0.7148197434074037,-12.229576076419853,4.7657600300095035,19956.838533967268,,False,35809,0.015,0.06,3.0,3332,35809.0,259.71666666666715,-0.11562025316455792,-3.794789473684208,-0.8228311688311687,51161.0,0.06,3000,4,36798,170788675451620,1.0,36798,0.035
A,27,True,4279.528225806542,-7430.48892741573,-1.1691229864807224,-7.52547522994947,-1.3149938809286759,612.3895582329133,3017.332410662202,-521.0880156758947,-0.11477974520554655,-3.7467548718729846,0.9052349451720958,22094.223056999486,,False,20756,0.015,0.06,3.0,17007,12793.0,1636.9547619047607,0.32572562119081083,3.384654135338347,1.991350649350649,14673.0,0.06,3000,5,36632,248428667622729,1.0,36632,0.035
C,27,True,5433.202323232312,-785.7738268841604,-0.6016744151560613,5.951968468272874,-0.25161233130730554,1263.2247741935425,6697.631408726098,843.6547620250576,0.1715796126406412,-5.960110582226079,-0.4452076970244786,15453.60985725309,,False,31622,0.015,0.06,3.0,2658,31622.0,80.04285714286016,-0.05865482887951385,-3.7806015037593963,0.7338571428571399,46653.0,0.06,3000,5,36632,248428667622729,1.0,36632,0.035
A,17,True,34336.333333333256,8166.7103682858615,1.2466444449893113,10.538784188143643,-0.5031489705335307,916.6418511066295,0.5048010973259807,-3723.4022283256795,-0.6694963101573386,-9.353837950723218,-2.725669391477492e-06,29782.62648704971,,False,42696,0.015,0.06,3.0,8359,27558.0,4549.9095238095215,0.7953933427097988,10.524330827067674,1.027337662337662,13701.0,0.06,3000,3,41451,268481697303224,1.0,41451,0.035
C,17,True,5384.951939393883,11904.604494534255,2.093743181457547,4.917438925207418,-6.577815183311059,946.8920563380234,8511.28441735101,-5223.278327206082,-0.3275815794036482,-16.61131693758539,8.506633727572153,44556.193233267506,,False,25116,0.015,0.06,3.0,4466,25116.0,305.4619047619053,0.07844338959212298,-2.7387518796992496,4.120961038961035,42176.0,0.06,3000,3,41451,268481697303224,1.0,41451,0.035
A,26,True,36252.02640264039,7661.0808404097115,1.4035579270176688,10.672640815547151,-1.0052438118510085,907.5231388329994,0.4828532235696912,-848.9470800441048,-0.1546033689548321,-2.2581807096800266,-5.504783273178614e-06,10038.17378065658,,False,38307,0.015,0.06,3.0,19278,24542.0,3923.5357142857138,0.667857829348336,8.277481203007525,0.3478701298701276,13036.0,0.03,3000,5,42501,279323604393001,1.0,42480,0.035
C,26,True,15530.79538271611,9357.029263026534,1.4925126886509277,-2.417218788186961,-2.0023067010975115,2240.7640121703735,1607.2982125899289,2523.6612425032677,0.5638213535349409,-5.102494680877661,-3.4975555637272064,13195.330749745423,,False,26702,0.015,0.06,3.0,7527,26690.0,1044.9619047619053,0.1358797468354423,1.9703157894736838,-1.0976233766233785,34836.0,0.03,3000,5,42501,279323604393001,1.0,42480,0.035
A,11,True,17811.665254237363,1682.2188394725526,-0.4013569783107267,7.565585207555016,-1.8787411375416616,3746.293032786896,0.48971193423494697,-2661.1740088541087,-0.48650924063786816,-7.199152663593225,-2.6544100096957395e-06,34185.971348289764,,False,39388,0.015,0.06,3.0,11143,25179.0,7902.788095238095,1.291642170651664,10.093225563909778,0.27822077922077737,10392.0,0.03,3000,2,41763,87437972901753,1.0,41738,0.035
C,11,True,67544.49547511316,44711.584888587175,8.405673380482652,-1.7420593900068073,1.2700643810154264,3523.3412556237017,13534.82964677643,22422.257552831165,3.553300627003291,-8.933391035901249,3.288617651357274,29131.95334652865,,False,11204,0.015,0.06,3.0,2034,11203.0,-1405.307142857142,-0.07439568682606718,3.0935563909774437,-0.9881688311688296,27551.0,0.03,3000,2,41763,87437972901753,1.0,41738,0.035
A,21,True,46813.152284263866,15196.470551127011,2.419132823720143,13.86963122019373,4.440333363536725,6154.37083333332,0.524005486862734,-4692.584079587794,-0.8582743446082212,-12.719514282719068,2.85037321812624e-06,54247.87977940147,,False,46861,0.015,0.06,3.0,8184,30403.0,10620.252380952381,1.7340748945147684,7.438541353383461,1.11281818181818,6707.0,0.03,3000,4,33849,178104171597714,1.0,33833,0.035
C,21,True,13536.865934426314,2350.485848653764,0.3677695481475754,-3.723786183948422,0.7261340554126062,7374.25979454926,6606.796416442143,-3616.811188923872,-0.683357882099154,-12.443252872034474,0.6011045766022823,62070.17774612218,,False,24399,0.015,0.06,3.0,7651,24391.0,711.3190476190466,0.19337154242850343,5.0523909774436095,-0.3693766233766229,15527.0,0.03,3000,4,33849,178104171597714,1.0,33833,0.035
B,48,,-9333358.0,0.0,2.245720139988058e-13,4.07251095186004e-13,8.1143871298e-13,-9333358.0,-10042574.0,0.0,4.491440279976116e-13,8.14502190372008e-13,8.92582584278e-13,-10042574.0,,True,0,0.015,0.06,3.0,0,0.0,0.0,0.0,0.0,0.0,0.0,0.0,3000,9,0,0,0.0,0,0.035
A,25,True,7471895.0,4837763.137773909,760.1058585134768,5112.085860964602,-6.491509703840001e-13,1013.7358870967873,0.49519890267401934,-802.4967610910932,-0.1479610505094362,-2.251175656452427,-3.919263191932427e-06,14254.162243759842,,False,55639,0.015,0.06,3.0,29186,36562.0,8698.02380952381,1.446591537740273,14.246661654135343,-0.08396103896104003,17050.0,0.01,3000,5,40558,58554046761659,1.0,38593,0.035
C,25,True,15152.446641975315,-8784.275565437987,-1.0631112834330474,15.404507797912789,1.5567671525583229,291.04125450900756,7274.764750017086,-1808.5488976203087,-0.215628902180799,-2.5978102440128517,-0.1076246425620454,18273.2560982883,,False,22084,0.015,0.06,3.0,4960,21361.0,1882.354761904764,0.11164228785747701,-4.84982706766917,0.49070129870129575,45006.0,0.01,3000,5,40558,58554046761659,1.0,38593,0.035
A,2,True,2093450.0,1389982.711294872,216.69109928641706,1359.6180869012294,-2.0285967824500002e-14,1755.0708502024063,0.48971193423494697,-5327.182056718096,-0.9685391885475676,-14.067375230638591,4.097411451353024e-07,50099.50353635117,,False,56097,0.015,0.06,3.0,9955,36824.0,10242.121428571427,1.7359685888420069,18.785812030075196,0.0020779220779214916,10439.0,0.06,3000,0,46694,182497608082278,1.0,46694,0.035
C,2,True,8703.404634146369,-5888.266041739584,-1.0545301818723338,3.3638025634370683,-2.6131003047724164,1873.90592712551,2820.271710602101,-520.8181240671802,-0.2339536092597399,-14.779652546555331,-0.7011686490572744,41958.26857513217,,False,31397,0.015,0.06,3.0,2821,31397.0,1219.1857142857152,0.17668178621659605,-1.359127819548874,2.636363636363633,32163.0,0.06,3000,0,46694,182497608082278,1.0,46694,0.035
A,20,True,7272118.0,2534053.2920649704,433.72092259469247,4959.721512029699,-2.02859678245e-13,492.9598393574124,0.4993141288869083,-855.722171256373,-0.1584305239217875,-2.4425737142654893,3.7233000228108404e-06,16959.18150026648,,False,55984,0.015,0.06,3.0,43867,36452.0,3474.3333333333358,0.6141551804969515,8.01039097744361,0.07629870129869733,15921.0,0.01,3000,4,36025,247378199773862,1.0,34247,0.035
C,20,True,19695.27878008294,-11622.120012137473,-1.7354845467234499,4.815669870418452,3.653565955389325,1198.0819032258296,14578.876766428119,-2616.6167899755196,-0.4509358013984292,-6.28398678201574,2.3228136615193193,21400.743273710075,,False,17017,0.015,0.06,3.0,5077,16466.0,1087.2190476190444,-0.06909353023910002,-5.642827067669171,-2.483935064935065,45025.0,0.01,3000,4,36025,247378199773862,1.0,34247,0.035
A,12,True,2224259.0,1782668.368532846,265.3886393593389,940.5551035673981,-2.231456460695e-13,1228.9395161290304,0.5075445813126862,-347.60116014971527,-0.06390577701547279,-0.963322974404491,-1.0688899314732924e-06,4968.994825505753,,False,55787,0.015,0.06,3.0,25562,36484.0,6541.130952380954,1.1175199249882788,12.596548872180456,0.08145454545454359,16886.0,0.06,3000,2,35260,35901553805778,1.0,35260,0.035
C,12,True,6483.27674493927,4546.897226344612,0.5343353593723656,4.08616786681621,9.102828862911414,1590.4132121212024,2668.668570501264,8232.697327290667,1.063221276501636,-6.4438744909142285,3.852274191106475,19121.466696659743,,False,39920,0.015,0.06,3.0,2887,39920.0,589.5952380952367,-0.06718237224566345,-4.797744360902255,0.27912987012986795,49841.0,0.06,3000,2,35260,35901553805778,1.0,35260,0.035
A,10,True,7586609.0,4534339.0661248695,723.0615348277515,5473.339366921285,6.491509703840001e-13,2060.876016260154,0.5034293555654585,-862.0295894754142,-0.1595981814217957,-2.460581183680673,-3.2244847041204026e-06,17084.299933160335,,False,56269,0.015,0.06,3.0,40921,36514.0,5817.7928571428565,0.957174636661979,9.41411278195489,0.0009610389610375645,15622.0,0.01,3000,2,32177,131810420150760,1.0,30714,0.035
C,10,True,20044.210605809116,4580.152503000829,0.5679180228682426,-1.592038264779156,2.976258587996246,1518.817171717179,1566.5996114653535,527.1981828927346,0.03240341572542393,-3.023064739215227,-0.5440740246872832,12033.530617074532,,False,19827,0.015,0.06,3.0,7406,19168.0,-155.01904761904734,0.04084165494608404,-2.977789473684211,-0.07584415584415473,41914.0,0.01,3000,2,32177,131810420150760,1.0,30714,0.035
A,6,True,3301545.0,1302966.3243050885,219.99684768582267,2356.793348040099,-2.6371758171850005e-13,9695.507462686568,0.4842249657958746,-6068.686746892924,-1.111788330050403,-16.566555856088655,-6.270821103463371e-06,76867.20411268019,,False,56087,0.015,0.06,3.0,8463,36750.0,8073.421428571426,1.4094671823722464,17.597751879699253,-0.04081818181818053,6833.0,0.03,3000,1,33087,63572020258976,1.0,33072,0.035
C,6,True,28101.08115789469,-314.5084189443169,-0.264473887312349,4.702978835724345,-0.30993195744636237,7347.727664570208,11352.568856317084,1229.4444450213314,-0.12766223088562936,-13.842050495963758,2.6305987892645235,84170.84740939066,,False,18028,0.015,0.06,3.0,4608,18023.0,1640.72380952381,0.17241983122362753,-0.38025563909774884,0.2939090909090897,16053.0,0.03,3000,1,33087,63572020258976,1.0,33072,0.035
A,0,True,7275018.0,4216756.781905873,675.2791811962749,5273.4874863125515,-4.0571935649e-13,1256.4505050505104,0.49657064490020275,-563.4324891553778,-0.10433942622757028,-1.6098134160908146,-4.4715228436104e-06,11269.142761094146,,False,55889,0.015,0.06,3.0,41821,36729.0,3809.6119047619068,0.6834501875293011,8.780834586466167,0.09425974025973637,16263.0,0.01,3000,0,35636,13931209283327,1.0,33878,0.035
C,0,True,8700.039934959379,-13959.111072464946,-1.9051141473491768,1.0851166475956848,1.0293829464687652,604.2598232931632,1608.3573218618985,-2198.38492388501,-0.3477954163940955,-5.093998105650327,0.5630737206243874,17419.01124784707,,False,26704,0.015,0.06,3.0,3726,25864.0,467.1285714285732,-0.04568565400844009,-3.713759398496237,-0.16505194805194945,42151.0,0.01,3000,0,35636,13931209283327,1.0,33878,0.035
A,15,True,7335403.0,4360811.470929544,695.6652165550554,5281.517763400591,-5.68007099086e-13,1006.4556451612734,0.49657064443454146,-447.838257520116,-0.08293299439051505,-1.2795294124309842,-7.482230717727842e-07,8957.234874093672,,False,55967,0.015,0.06,3.0,41370,36560.0,3987.7047619047626,0.6991849507735592,8.30848120300752,0.08036363636363711,16200.0,0.01,3000,3,36180,240755415748516,1.0,34382,0.035
C,15,True,12019.272977505112,-4475.420685857094,-0.5318207328476822,5.564347619611867,1.9878564445691442,1204.7899032258138,0.4993141288869083,-1733.559239027598,-0.33041835057265945,-2.8231270785426035,0.30650431527143635,19960.932954705655,,False,28863,0.015,0.06,3.0,6344,27953.0,1168.9547619047626,0.05259517112048898,-5.088563909774435,0.5690909090909068,41197.0,0.01,3000,3,36180,240755415748516,1.0,34382,0.035
A,1,True,3233124.0,3189078.1557554007,524.3478663709445,17.606254223879684,-2.231456460695e-13,2181.4421906693606,0.4979423866607249,-2201.888420063627,-0.40397949866070526,-6.0487824002526684,9.441862529893192e-07,30372.693957871015,,False,55864,0.015,0.06,3.0,13803,36743.0,13148.952380952382,2.1407667604313176,15.518872180451133,0.16848051948051887,10466.0,0.03,3000,0,42807,30393913957833,1.0,42794,0.035
C,1,True,14814.081581108854,3010.09162253244,0.4366254902319564,-3.526762463742657,1.2523310970062487,1924.3877651821822,0.48422496556304395,-2287.5187631044155,-0.40213025290862525,-9.655498892629614,-0.974791445719227,29650.511938443087,,False,22574,0.015,0.06,3.0,8833,22567.0,775.7857142857138,0.2074355368026255,4.077007518796993,-0.5760519480519479,30445.0,0.03,3000,0,42807,30393913957833,1.0,42794,0.035
A,7,True,2183730.0,945655.3596876189,157.88987773319278,1596.4662044696086,-3.042895173675e-13,2478.5447154471476,0.4938271604478359,-912.005317065551,-0.16834319956485735,-2.5706765079348517,-8.194822993419926e-07,15908.670786193135,,False,56106,0.015,0.06,3.0,27669,36655.0,6666.014285714282,1.1574487810595397,13.751428571428578,0.008337662337658985,12911.0,0.06,3000,1,34180,107499126098316,1.0,34180,0.035
C,7,True,19714.131477178424,13817.426066555996,2.3993613150988433,2.8262769126338863,6.407446097811006,632.2072048192786,4135.761124148266,8277.956797587707,1.4420675673711816,-3.6946246077341462,13.00563356348585,16492.472361016597,,False,22122,0.015,0.06,3.0,7639,22122.0,-296.8023809523802,-0.16451570557899758,-1.0271954887218042,-3.3110389610389643,37762.0,0.06,3000,1,34180,107499126098316,1.0,34180,0.035
A,16,True,3224184.0,1255043.7056856796,212.0807005581773,2281.354062703403,-3.6514742084100004e-13,3360.333333333314,0.5089163240045309,-1569.0662667239014,-0.2881675667742064,-4.329083434170516,4.150856014147561e-06,21496.913703726153,,False,55773,0.015,0.06,3.0,16192,36786.0,6792.288095238091,1.1898660337552736,14.768263157894745,0.09427272727272368,9626.0,0.03,3000,3,38544,145713330627034,1.0,38528,0.035
C,16,True,15529.287440329208,15749.208231688553,3.0987617027474923,-2.669695459720869,-0.8189020757186091,3202.8785714285914,4288.395957328845,4270.933990821864,0.8557936238742289,-5.980529018196792,-3.2722543614728345,28569.98219336834,,False,21104,0.015,0.06,3.0,4890,21098.0,1885.3642857142877,0.2364942569151421,3.0754812030075205,-1.0458441558441534,23465.0,0.03,3000,3,38544,145713330627034,1.0,38528,0.035
A,5,True,7392907.0,2473713.595223968,424.80360981957693,4932.090862495253,-8.1143871298e-13,1013.3830645161506,0.514403291977942,-442.3535908817942,-0.08191744238126315,-1.2638707432244711,8.907417657896222e-08,8847.593144958286,,False,55933,0.015,0.06,3.0,36615,36695.0,3034.8261904761894,0.5511514299109227,7.670007518796995,0.015493506493502604,14815.0,0.01,3000,1,34315,271684789978557,1.0,32621,0.035
C,5,True,6528.41216194327,2064.124252507476,0.5241543815548897,0.2812955718019054,1.966021517823802,604.811188755004,1350.6181111412589,161.61366694933258,-0.009803788143949962,-1.4710649678915622,1.3172542831850818,9368.65348770551,,False,27125,0.015,0.06,3.0,10032,26208.0,539.5166666666664,0.05974167838724765,-0.856097744360901,-1.1763506493506517,36843.0,0.01,3000,1,34315,271684789978557,1.0,32621,0.035
A,35,True,7157086.0,7138136.082991948,1096.1611636837404,25.179605608995104,4.0571935649000003e-14,1225.9292929293006,0.4993141288869083,-298.34302162757774,-0.05510152835239948,-0.8429554765585421,8.907416841474314e-07,5339.781592564919,,False,55940,0.015,0.06,3.0,35122,36400.0,11866.064285714281,1.7645277777777768,4.690969924812029,-0.030870129870131848,16871.0,0.01,3000,7,37707,212843359497834,1.0,35834,0.035
C,35,True,5275.654787878739,-13212.86355057326,-0.11033084385640884,38.61032870569506,-7.86024195033538,0.4959999999846332,2869.8592162390705,1163.9906034724636,0.15022376933272863,-1.9506300293175929,-3.9617131476896916,10699.074730935477,,False,42431,0.015,0.06,3.0,3107,40956.0,168.02142857142826,-0.013638420065635969,-7.413947368421055,5.727402597402591,44446.0,0.01,3000,7,37707,212843359497834,1.0,35834,0.035
A,30,True,7327369.0,5841588.017093858,876.6682381790904,3532.539756626818,-6.491509703840001e-13,1771.9695740365132,0.49657064490020275,-983.9315021726795,-0.18150965800366117,-2.766326797514819,1.0510750882956408e-06,16691.993296128378,,False,55811,0.015,0.06,3.0,27894,36454.0,9463.578571428574,1.5497989920300053,13.927105263157898,0.10499999999999846,15015.0,0.01,3000,6,38833,7706819202472,1.0,36874,0.035
C,30,True,5314.486383838346,17268.154470529233,2.7939588897110132,-4.139827352171351,-4.390759739040977,892.0683299798693,0.4979423868935555,4338.092159177219,0.6877573315328255,-6.654285420300554,5.303334370206938,21708.854602149368,,False,37126,0.015,0.06,3.0,5789,35982.0,-657.1785714285725,-0.1507156586966725,-1.4715714285714296,-1.3680259740259793,40224.0,0.01,3000,6,38833,7706819202472,1.0,36874,0.035
A,32,True,2112761.0,1591347.4328975873,241.20155546323127,1115.148509287096,-8.114387129800001e-14,600.4879518072412,0.4910836764611304,-4158.905015956616,-0.7333188018346766,-9.518723578983554,-3.741114164472927e-07,17237.140939436824,,False,55854,0.015,0.06,3.0,6461,36763.0,11855.180952380953,1.9678478668541952,19.34315789473685,0.10814285714285499,15617.0,0.06,3000,6,38094,127357168377689,1.0,38094,0.035
C,32,True,3224.7911991951987,12529.567819481936,2.366823688060061,18.704060485403993,7.660204389012212,944.3428128772648,0.49245541845448315,6248.201720014375,1.0963026298241014,1.5723162284381182,-2.3616093232131625,9803.86468685379,,False,38773,0.015,0.06,3.0,2536,38773.0,-299.21666666666715,0.007277543366149568,-3.4386240601503744,4.238571428571424,51050.0,0.06,3000,6,38094,127357168377689,1.0,38094,0.035
B',39,,1.0,0.0,4.1818052474896515e-20,1.543782878090645e-19,1.4959640784667747e-19,1.0,0.470507544465363,0.0011659808332513677,2.0659735759647724e-07,-1.8049238320340407e-06,-6.662747378207076e-06,0.4855967078183312,,False,55684,0.015,0.06,3.0,32452,36191.0,1131.7928571428565,0.20718612283169358,3.143721804511275,-0.06945454545454481,16509.0,0.0,100,7,1482,451352411688,0.0,1,0.035
A,31,True,3264892.0,1559630.9526697062,257.1901274604512,2426.985145029485,-1.2171580694700002e-13,3094.393877551018,0.4938271604478359,-2607.057635271067,-0.47871618524216974,-7.187526135755588,-7.731637370155836e-06,35672.61526361306,,False,56144,0.015,0.06,3.0,13592,36776.0,7974.076190476189,1.3840459446788558,16.60366917293234,0.09166233766233514,9036.0,0.03,3000,6,37739,166017328360663,1.0,37723,0.035
C,31,True,155026.86137931037,17247.238167386447,3.5745013857819905,-2.7069287142915,13.798003287821125,3168.263020408165,66993.89033953636,5284.047255266214,0.8981866823759058,-11.040438479838107,-1.4235624491121583,47145.58773255316,,False,4717,0.015,0.06,3.0,3833,4717.0,725.4785714285717,0.058595053914673415,0.9294812030075165,-1.1281688311688345,22354.0,0.03,3000,6,37739,166017328360663,1.0,37723,0.035
B',44,,0.0,0.0,0.0,0.0,0.0,0.0,0.5034293555654585,-0.7644096986859905,-0.00014164136862778034,-0.0021830523149026742,-2.351557799651257e-06,15.81670661300268,,False,55028,0.015,0.06,3.0,32012,35838.0,1122.142857142855,0.2129165494608525,3.2550375939849623,-0.05067532467532392,16335.0,0.0,100,8,1546,151954895400,0.0,1,0.035
A,36,True,3136929.0,1664772.5392968901,270.08642133992277,2305.6413512477634,-4.260053243145e-13,1541.8909090909,0.4924554182216525,-3126.7867345617587,-0.567252359054651,-8.177839174121036,4.756560283047753e-06,23293.78539401757,,False,55009,0.015,0.06,3.0,8739,36278.0,7951.797619047618,1.3849838255977496,16.890112781954898,0.1710259740259747,12244.0,0.03,3000,7,44471,115382481102124,1.0,44449,0.035
C,36,True,8898.629772357643,24346.004760640346,4.262337212564737,-4.376905726465804,18.700243555970427,2886.959942973539,0.48971193423494697,6414.115138793749,1.2072172080921786,-6.335098856746231,3.6167808083529107,20855.276993605978,,False,43596,0.015,0.06,3.0,4548,43584.0,1118.3619047619031,0.19144948429442118,3.1129022556391006,0.48389610389610327,34747.0,0.03,3000,7,44471,115382481102124,1.0,44449,0.035
A,42,True,16154.368421052699,-3110.6054559507284,-0.39868250826512697,0.5404283879093417,1.9368605569606965,1209.604838709667,1661.486135606654,-3232.5809777489894,-0.5884422214135503,-9.581962573695508,0.35226168396971896,31234.832273131236,,False,23720,0.015,0.06,3.0,10916,13978.0,2198.9309523809516,0.2877967651195497,3.4545338345864693,-2.4532077922077926,13906.0,0.06,3000,8,42666,121236994805944,1.0,42666,0.035
C,42,True,2169.1906184738036,6503.469076001777,1.0993822885858513,-3.6814809062277285,1.5252869254688155,1263.7457258064533,0.5034293553326279,-1123.0895573032903,-0.4685050613005272,-28.610895078002578,2.489127173748758,39046.33427162534,,False,42473,0.015,0.06,3.0,3183,42472.0,884.1357142857123,-0.016501289263948126,-2.521932330827067,-0.33762337662338077,44475.0,0.06,3000,8,42666,121236994805944,1.0,42666,0.035
A,41,True,21574.437229437288,458.1277940338332,0.04093526921782506,3.9481054316692936,-0.33350821681867404,6243.618749999994,0.4842249657958746,-5611.20238251972,-1.0276487102950718,-15.551029634670654,0.24027127414033767,70190.4423730218,,False,35348,0.015,0.06,3.0,9147,22335.0,4783.519047619047,0.8098790436005627,8.103263157894741,-0.34788311688311885,8026.0,0.03,3000,8,35832,172118160644109,1.0,35818,0.035
C,41,True,11207.481591836782,1897.3618832048296,0.05932998452304609,-2.439449076869615,0.5945796466576149,8517.717780590727,1434.844118844252,-6048.865934018375,-1.104830212145116,-14.909172954113812,0.425259407819852,70609.28114869562,,False,29790,0.015,0.06,3.0,8892,29780.0,2132.371428571427,0.37154324894514706,2.200992481203006,0.9621948051948054,19722.0,0.03,3000,8,35832,172118160644109,1.0,35818,0.035
B',49,,0.0,0.0,0.0,0.0,0.0,0.0,0.49519890267401934,-0.0010745313258104239,-1.3473041431929837e-07,4.424641848078658e-06,-2.262483692619138e-06,0.49931412894329696,,False,56408,0.015,0.06,3.0,31321,36821.0,1136.7595238095237,0.20524460853258752,3.091751879699241,0.05661038961039206,15548.0,0.0,100,9,1572,196627230208,0.0,1,0.035
A,40,True,7319020.0,3485296.664527177,574.9479074402312,5436.838713138638,-6.897229060330001e-13,2038.2439024390478,0.5144032924436033,-472.69377885801015,-0.08753626519399044,-1.3505683486614175,-7.30408186262315e-07,9454.423751437876,,False,55462,0.015,0.06,3.0,45358,36481.0,2754.2857142857174,0.47780227379277984,6.256646616541352,-0.0741818181818193,17436.0,0.01,3000,8,37672,200320987217029,1.0,35981,0.035
C,40,True,8711.065723577165,-448.9676955183877,-0.16075030518661604,-3.2343353307235745,-1.5570081972976275,1207.2083870967908,0.48559670778922737,-410.032338805137,-0.08916490247113244,-3.473477317431894,-0.5876305263033685,13538.16481290372,,False,32876,0.015,0.06,3.0,6939,31827.0,-413.807142857142,0.0027163619315495845,-1.6838571428571412,2.664766233766233,46119.0,0.01,3000,8,37672,200320987217029,1.0,35981,0.035
A,37,True,2168396.0,1027471.9131847864,169.5874253159352,1608.673811833197,-1.6228774259600001e-13,1497.9171717171848,0.49519890267401934,-2096.0221301799984,-0.37861175241039297,-5.376621601075506,1.0546380895879342e-05,17563.947350400515,,False,56349,0.015,0.06,3.0,12707,37089.0,9035.873809523808,1.5493286451007964,17.69991729323309,0.18111688311688495,13808.0,0.06,3000,7,44418,160173686410936,1.0,44417,0.035
C,37,True,10925.85453061224,7626.238905792898,1.2821264398399588,-0.9728798710207909,2.4609548073453413,1893.4520566801657,4602.880034917034,1763.8078306977768,0.4117652630724953,-10.879508195671578,-1.728827204498032,22588.108279200518,,False,25211,0.015,0.06,3.0,7817,25211.0,-357.66190476190604,-0.09355356305672907,-0.23148872180451188,-1.1654545454545502,40915.0,0.06,3000,7,44418,160173686410936,1.0,44417,0.035
A,47,True,2973.592741935514,-10927.0847342228,-1.8855692471461776,-6.195828521789613,-0.03565387857599423,602.7349397590442,0.5089163235388696,-4570.071959192529,-0.8081858557388234,-10.773916710081835,-1.7636684071901894e-06,29264.53615826473,,False,32270,0.015,0.06,3.0,7516,19386.0,3225.7333333333318,0.5623193858415373,5.250315789473689,2.3010129870129847,14007.0,0.06,3000,9,43317,97628734512282,1.0,43316,0.035
C,47,True,32201.941838641185,7377.1246245629045,1.2188441807347499,-6.093898755018145,4.269218358954714,629.1737751004111,28566.01129897614,5804.576570442587,0.8070332849062059,-14.651383676286956,1.6631167097726482,30703.584983033725,,False,14799,0.015,0.06,3.0,4473,14799.0,199.7904761904756,0.023468588842004985,-1.2079999999999966,1.9002337662337618,43853.0,0.06,3000,9,43317,97628734512282,1.0,43316,0.035
A,45,True,7570818.0,5949340.969005912,895.3946300235186,3761.6377485230464,1.6228774259600001e-13,1756.3610547667486,0.48148148134350777,-338.2186446665867,-0.06259621662238807,-0.9639803954531504,-3.367003389065732e-06,6607.992835346959,,False,55920,0.015,0.06,3.0,42768,36467.0,4773.523809523809,0.8020610642287859,8.456195488721805,0.00893506493506571,18369.0,0.01,3000,9,38407,6513566748683,1.0,36560,0.035
C,45,True,23348.51337787055,1361.3710562148972,0.3512399136812518,-0.6305638682689826,2.406900924161579,1205.2255483870977,1385.4506304736715,-1307.9923135511342,-0.2512544382517813,-5.360718867412699,0.06758476178083894,15015.04499013121,,False,21452,0.015,0.06,3.0,6002,20754.0,75.60952380952222,-0.08310372714486743,-3.7135639097744337,-1.2902337662337686,45889.0,0.01,3000,9,38407,6513566748683,1.0,36560,0.035
A,46,True,3147465.0,2437958.9283847846,367.9005696917978,1604.3379439750095,-2.02859678245e-13,5024.3904958677595,0.5185185186564922,-623.5262581727229,-0.11401420543094641,-1.6882440902572957,1.959631570263915e-07,7756.171485866231,,False,55545,0.015,0.06,3.0,22623,36347.0,11483.969047619044,1.8780296530707923,16.825827067669184,0.04449350649350314,10801.0,0.03,3000,9,40273,49936810078815,1.0,40251,0.035
C,46,True,9107.881365853595,5542.998845791472,0.8191457437091363,-0.18648927196016557,-0.7442295811461347,2561.7747642276518,0.5116598079912364,131.2139145343831,-0.09125050215289233,-4.262842364666138,-3.252270856549137,19724.725288729576,,False,27937,0.015,0.06,3.0,13067,27931.0,553.1380952380969,0.18178914674167637,2.0850225563909786,1.6422857142857117,28480.0,0.03,3000,9,40273,49936810078815,1.0,40251,0.035
